Index,Date,Sentiment
0,2017-12-13 9:00,3.428571429
1,2017-12-14 9:00,2.363636364
2,2017-12-15 9:00,2.76863313
3,2017-12-16 9:00,1.666666667
3,2017-12-17 9:00,3.333333333
4,2017-12-18 9:00,2.5
5,2017-12-19 9:00,4
6,2017-12-20 9:00,3.571428571
7,2017-12-21 9:00,2.307692308
8,2017-12-22 9:00,1
9,2017-12-23 9:00,2.333333333
10,2017-12-24 9:00,3.75
11,2017-12-25 9:00,2.75
12,2017-12-26 9:00,2.7
13,2017-12-27 9:00,3.6
14,2017-12-28 9:00,3.125
15,2017-12-29 9:00,2.76863313
16,2017-12-30 9:00,2.76863313
17,2017-12-31 9:00,1.666666667
18,2018-01-01 9:00,2.888888889
19,2018-01-02 9:00,2.75
20,2018-01-03 9:00,2.6
21,2018-01-04 9:00,3.4
22,2018-01-05 9:00,2.76863313
23,2018-01-06 9:00,2.76863313
24,2018-01-07 9:00,1.857142857
25,2018-01-08 9:00,3
26,2018-01-09 9:00,1.571428571
27,2018-01-10 9:00,2.6
28,2018-01-11 9:00,3
29,2018-01-12 9:00,2.76863313
30,2018-01-13 9:00,2.76863313
31,2018-01-14 9:00,3
32,2018-01-15 9:00,2.545454545
33,2018-01-16 9:00,2.5
34,2018-01-17 9:00,3.083333333
35,2018-01-18 9:00,3
36,2018-01-19 9:00,2.76863313
36,2018-01-20 9:00,0.5
37,2018-01-21 9:00,1
38,2018-01-22 9:00,3.1
39,2018-01-23 9:00,1.75
40,2018-01-24 9:00,3.4
41,2018-01-25 9:00,1.75
42,2018-01-26 9:00,2.76863313
43,2018-01-28 9:00,1.4
44,2018-01-29 9:00,2.5
45,2018-01-30 9:00,1.875
46,2018-01-31 9:00,2.875
47,2018-02-01 9:00,2.642857143
48,2018-02-02 9:00,2.333333333
48,2018-02-03 9:00,2.333333333
49,2018-02-04 9:00,2.333333333
50,2018-02-05 9:00,2.8
51,2018-02-06 9:00,4.666666667
52,2018-02-07 9:00,3.363636364
53,2018-02-08 9:00,2.333333333
54,2018-02-09 9:00,2.76863313
54,2018-02-10 9:00,2.25
55,2018-02-11 9:00,4.5
56,2018-02-12 9:00,1.833333333
57,2018-02-13 9:00,3.125
58,2018-02-14 9:00,3.166666667
59,2018-02-15 9:00,3.333333333
60,2018-02-16 9:00,2.76863313
60,2018-02-17 9:00,0.5
61,2018-02-18 9:00,1
62,2018-02-19 9:00,3.25
63,2018-02-20 9:00,3.2
64,2018-02-21 9:00,2.4
65,2018-02-22 9:00,2.8
66,2018-02-23 9:00,2.5
66,2018-02-24 9:00,2.15
67,2018-02-25 9:00,1.8
68,2018-02-26 9:00,2.125
69,2018-02-27 9:00,2.857142857
70,2018-02-28 9:00,2
71,2018-03-01 9:00,2.2
72,2018-03-02 9:00,2.76863313
72,2018-03-03 9:00,2.25
73,2018-03-04 9:00,4.5
74,2018-03-05 9:00,2.5
75,2018-03-06 9:00,2.142857143
76,2018-03-07 9:00,3.25
77,2018-03-08 9:00,3
78,2018-03-09 9:00,2.76863313
78,2018-03-10 9:00,1.35
79,2018-03-11 9:00,2.7
80,2018-03-12 9:00,3
81,2018-03-13 9:00,1.8
82,2018-03-14 9:00,3.571428571
83,2018-03-15 9:00,2.75
84,2018-03-16 9:00,3.076923077
84,2018-03-17 9:00,2.971794872
85,2018-03-18 9:00,2.866666667
86,2018-03-19 9:00,2.714285714
87,2018-03-20 9:00,3.307692308
88,2018-03-21 9:00,2.166666667
89,2018-03-22 9:00,3
90,2018-03-23 9:00,4
91,2018-03-24 9:00,2.909090909
91,2018-03-25 9:00,2.811688312
92,2018-03-26 9:00,2.714285714
93,2018-03-27 9:00,3.375
94,2018-03-28 9:00,3.076923077
95,2018-03-29 9:00,2.888888889
96,2018-03-30 9:00,2.76863313
97,2018-03-31 9:00,3.181818182
97,2018-04-01 9:00,3.090909091
98,2018-04-02 9:00,3
99,2018-04-03 9:00,2.5
100,2018-04-04 9:00,2.214285714
101,2018-04-05 9:00,2.615384615
102,2018-04-06 9:00,2.76863313
103,2018-04-07 9:00,3.333333333
104,2018-04-08 9:00,2
105,2018-04-09 9:00,1.9
106,2018-04-10 9:00,2.333333333
107,2018-04-11 9:00,2.5
108,2018-04-12 9:00,3.25
109,2018-04-13 9:00,2
110,2018-04-14 9:00,2.76863313
111,2018-04-15 9:00,3.166666667
112,2018-04-16 9:00,3.033333333
113,2018-04-17 9:00,3.142857143
114,2018-04-18 9:00,2.833333333
115,2018-04-19 9:00,2.764705882
116,2018-04-20 9:00,3
117,2018-04-21 9:00,1
118,2018-04-22 9:00,2.3
119,2018-04-23 9:00,2.857142857
120,2018-04-24 9:00,2.80952381
121,2018-04-25 9:00,2.476190476
122,2018-04-26 9:00,3.25
123,2018-04-27 9:00,1
124,2018-04-28 9:00,5
125,2018-04-29 9:00,2.5
126,2018-04-30 9:00,3
127,2018-05-01 9:00,2.947368421
128,2018-05-02 9:00,3.0625
129,2018-05-03 9:00,2.666666667
130,2018-05-04 9:00,2
131,2018-05-05 9:00,4
132,2018-05-06 9:00,2.380952381
133,2018-05-07 9:00,2.684210526
134,2018-05-08 9:00,2.666666667
135,2018-05-09 9:00,2.6875
136,2018-05-10 9:00,3.235294118
137,2018-05-11 9:00,4.5
138,2018-05-12 9:00,3.6
139,2018-05-13 9:00,3.105263158
140,2018-05-14 9:00,3.076923077
141,2018-05-15 9:00,2.470588235
142,2018-05-16 9:00,2.833333333
143,2018-05-17 9:00,3
144,2018-05-18 9:00,1
145,2018-05-19 9:00,2.76863313
146,2018-05-20 9:00,3
147,2018-05-21 9:00,1.875
148,2018-05-22 9:00,2.5
149,2018-05-23 9:00,2.125
150,2018-05-24 9:00,3.222222222
151,2018-05-25 9:00,1
152,2018-05-26 9:00,5
153,2018-05-27 9:00,1.75
154,2018-05-28 9:00,2.6
155,2018-05-29 9:00,2.2
156,2018-05-30 9:00,2.545454545
157,2018-05-31 9:00,3.444444444
158,2018-06-01 9:00,1
159,2018-06-03 9:00,2.857142857
160,2018-06-04 9:00,2.642857143
161,2018-06-05 9:00,2.647058824
162,2018-06-06 9:00,3.461538462
163,2018-06-07 9:00,2
164,2018-06-08 9:00,2.76863313
165,2018-06-09 9:00,1
166,2018-06-10 9:00,2.333333333
167,2018-06-11 9:00,2.857142857
168,2018-06-12 9:00,3.45
169,2018-06-13 9:00,2.181818182
170,2018-06-14 9:00,3.222222222
171,2018-06-15 9:00,2.92
172,2018-06-18 9:00,2.75
173,2018-06-19 9:00,2.888888889
174,2018-06-20 9:00,3.1
175,2018-06-21 9:00,2.705882353
176,2018-06-22 9:00,1
177,2018-06-23 9:00,3.5
178,2018-06-24 9:00,2.714285714
179,2018-06-25 9:00,3.052631579
180,2018-06-26 9:00,2.695652174
181,2018-06-27 9:00,3.571428571
182,2018-06-28 9:00,2.428571429
183,2018-06-29 9:00,2.76863313
184,2018-06-30 9:00,2.76863313
185,2018-07-01 9:00,2.636363636
186,2018-07-02 9:00,2.416666667
187,2018-07-03 9:00,2.916666667
188,2018-07-04 9:00,2.1875
189,2018-07-05 9:00,2.875
190,2018-07-06 9:00,2.5
191,2018-07-08 9:00,2.85
192,2018-07-09 9:00,2.15
193,2018-07-10 9:00,2.777777778
194,2018-07-11 9:00,3.125
195,2018-07-12 9:00,3.230769231
196,2018-07-13 9:00,4.5
197,2018-07-14 9:00,2.76863313
198,2018-07-15 9:00,2.894736842
199,2018-07-16 9:00,2.52173913
200,2018-07-17 9:00,3.133333333
201,2018-07-18 9:00,3.25
202,2018-07-19 9:00,3.5
203,2018-07-20 9:00,2.76863313
204,2018-07-21 9:00,4
205,2018-07-22 9:00,2.769230769
206,2018-07-23 9:00,2.434782609
207,2018-07-24 9:00,3.35
208,2018-07-25 9:00,2.375
209,2018-07-26 9:00,2.611111111
210,2018-07-27 9:00,2.333333333
211,2018-07-28 9:00,3.5
212,2018-07-29 9:00,2.72
213,2018-07-30 9:00,2.454545455
214,2018-07-31 9:00,3.3
215,2018-08-01 9:00,2.090909091
216,2018-08-02 9:00,2.076923077
217,2018-08-03 9:00,4
218,2018-08-04 9:00,2
219,2018-08-05 9:00,2.714285714
220,2018-08-06 9:00,2.3
221,2018-08-07 9:00,2.791666667
222,2018-08-08 9:00,2.75
223,2018-08-09 9:00,2.55
224,2018-08-10 9:00,2.5
225,2018-08-11 9:00,3.666666667
226,2018-08-12 9:00,2.166666667
227,2018-08-13 9:00,2.52
228,2018-08-14 9:00,2.888888889
229,2018-08-15 9:00,3.571428571
230,2018-08-16 9:00,3.071428571
231,2018-08-17 9:00,1.6
232,2018-08-18 9:00,2.76863313
233,2018-08-19 9:00,2.428571429
234,2018-08-20 9:00,2
235,2018-08-21 9:00,2.214285714
236,2018-08-22 9:00,2.470588235
237,2018-08-23 9:00,2.8
238,2018-08-24 9:00,2.76863313
239,2018-08-25 9:00,3
240,2018-08-27 9:00,2
241,2018-08-28 9:00,3.25
242,2018-08-29 9:00,3.8
243,2018-08-30 9:00,2.8
244,2018-08-31 9:00,2.76863313
245,2018-09-01 9:00,5
246,2018-09-02 9:00,2.363636364
247,2018-09-03 9:00,1.428571429
248,2018-09-04 9:00,2.392857143
249,2018-09-05 9:00,3
250,2018-09-06 9:00,2.714285714
251,2018-09-07 9:00,2.5
252,2018-09-08 9:00,5
253,2018-09-09 9:00,2.916666667
254,2018-09-10 9:00,2.7
255,2018-09-11 9:00,3.1
256,2018-09-12 9:00,3.636363636
257,2018-09-13 9:00,2.4
258,2018-09-14 9:00,2
259,2018-09-16 9:00,3
260,2018-09-17 9:00,3.090909091
261,2018-09-18 9:00,2.785714286
262,2018-09-19 9:00,2.769230769
263,2018-09-20 9:00,3.1875
264,2018-09-21 9:00,3
265,2018-09-22 9:00,2
266,2018-09-23 9:00,2.571428571
267,2018-09-24 9:00,2.833333333
268,2018-09-25 9:00,3.222222222
269,2018-09-26 9:00,2.666666667
270,2018-09-27 9:00,4
271,2018-09-28 9:00,2.76863313
272,2018-09-29 9:00,2.3
273,2018-10-01 9:00,2.8
274,2018-10-02 9:00,2
275,2018-10-03 9:00,3.25
276,2018-10-04 9:00,2.545454545
277,2018-10-05 9:00,2.76863313
278,2018-10-07 9:00,1.777777778
279,2018-10-08 9:00,3.1
280,2018-10-09 9:00,2.5
281,2018-10-10 9:00,2.769230769
282,2018-10-11 9:00,2.4
283,2018-10-12 9:00,2.76863313
284,2018-10-13 9:00,5
285,2018-10-14 9:00,2.80952381
286,2018-10-15 9:00,2.285714286
287,2018-10-16 9:00,3
288,2018-10-17 9:00,2.4
289,2018-10-18 9:00,3.375
290,2018-10-19 9:00,2.76863313
291,2018-10-20 9:00,1.75
292,2018-10-22 9:00,4.1
293,2018-10-23 9:00,3.466666667
294,2018-10-24 9:00,1.571428571
295,2018-10-25 9:00,3.625
296,2018-10-26 9:00,2.76863313
297,2018-10-27 9:00,5
298,2018-10-28 9:00,1.928571429
299,2018-10-29 9:00,2.8
300,2018-10-30 9:00,2.933333333
301,2018-10-31 9:00,3
302,2018-11-01 9:00,2.8
303,2018-11-02 9:00,1
304,2018-11-03 9:00,2.76863313
305,2018-11-04 9:00,2.625
306,2018-11-05 9:00,2.285714286
307,2018-11-06 9:00,2.5
308,2018-11-07 9:00,3.6
309,2018-11-08 9:00,2.846153846
310,2018-11-09 9:00,2.555555556
311,2018-11-12 9:00,3.454545455
312,2018-11-13 9:00,2.21875
313,2018-11-14 9:00,2.52
314,2018-11-15 9:00,3.166666667
315,2018-11-16 9:00,2.76863313
316,2018-11-17 9:00,1
317,2018-11-18 9:00,2
318,2018-11-19 9:00,2.6
319,2018-11-20 9:00,3.35
320,2018-11-21 9:00,2.130434783
321,2018-11-22 9:00,1.916666667
322,2018-11-23 9:00,2
323,2018-11-24 9:00,2.375
324,2018-11-25 9:00,2
325,2018-11-26 9:00,3.115384615
326,2018-11-27 9:00,2.48
327,2018-11-28 9:00,2.909090909
328,2018-11-29 9:00,2.666666667
329,2018-11-30 9:00,4.5
330,2018-12-01 9:00,4
331,2018-12-02 9:00,2.956521739
332,2018-12-03 9:00,2.625
333,2018-12-04 9:00,3
334,2018-12-05 9:00,2.230769231
335,2018-12-06 9:00,2.363636364
336,2018-12-07 9:00,3.666666667
337,2018-12-08 9:00,3.25
338,2018-12-09 9:00,1.875
339,2018-12-10 9:00,2.25
340,2018-12-11 9:00,2.8
341,2018-12-12 9:00,3.222222222
342,2018-12-13 9:00,2.769230769
343,2018-12-14 9:00,2.666666667
344,2018-12-15 9:00,5
345,2018-12-16 9:00,2.625
346,2018-12-17 9:00,3.6
347,2018-12-18 9:00,2.384615385
348,2018-12-19 9:00,3.416666667
349,2018-12-20 9:00,2.818181818
350,2018-12-21 9:00,3.25
351,2018-12-22 9:00,3
352,2018-12-23 9:00,2.5625
353,2018-12-24 9:00,1
354,2018-12-25 9:00,2
355,2018-12-26 9:00,2.7
356,2018-12-27 9:00,3.076923077
357,2018-12-28 9:00,2.76863313
358,2018-12-30 9:00,5
359,2018-12-31 9:00,3
360,2019-01-01 9:00,3.25
361,2019-01-02 9:00,2.857142857
362,2019-01-03 9:00,2
363,2019-01-04 9:00,2.76863313
364,2019-01-05 9:00,3
365,2019-01-06 9:00,2.4
366,2019-01-07 9:00,2
367,2019-01-08 9:00,3.285714286
368,2019-01-09 9:00,2.277777778
369,2019-01-10 9:00,3.25
370,2019-01-11 9:00,1.5
371,2019-01-12 9:00,3
372,2019-01-13 9:00,2.142857143
373,2019-01-14 9:00,3
374,2019-01-15 9:00,3.25
375,2019-01-16 9:00,3
376,2019-01-17 9:00,1.25
377,2019-01-18 9:00,2.76863313
378,2019-01-19 9:00,2.8
379,2019-01-21 9:00,2.666666667
380,2019-01-22 9:00,2.714285714
381,2019-01-23 9:00,2.5
382,2019-01-24 9:00,1.6
383,2019-01-25 9:00,1.5
384,2019-01-26 9:00,2.5
385,2019-01-27 9:00,2
386,2019-01-28 9:00,2.857142857
387,2019-01-29 9:00,2.666666667
388,2019-01-30 9:00,2.875
389,2019-01-31 9:00,2
390,2019-02-01 9:00,2.5
391,2019-02-03 9:00,2.8
392,2019-02-04 9:00,4
393,2019-02-05 9:00,3.333333333
394,2019-02-06 9:00,2
395,2019-02-07 9:00,3.25
396,2019-02-08 9:00,1
397,2019-02-09 9:00,2.76863313
398,2019-02-10 9:00,3.5
399,2019-02-11 9:00,2.5
400,2019-02-12 9:00,1
401,2019-02-13 9:00,1
402,2019-02-14 9:00,3.666666667
403,2019-02-15 9:00,5
404,2019-02-17 9:00,2.571428571
405,2019-02-18 9:00,1
406,2019-02-19 9:00,3.5
407,2019-02-20 9:00,4
408,2019-02-21 9:00,2.76863313
409,2019-02-22 9:00,2.5
410,2019-02-23 9:00,1.5
411,2019-02-24 9:00,3.25
412,2019-02-25 9:00,1.2
413,2019-02-26 9:00,1
414,2019-02-27 9:00,2.76863313
415,2019-02-28 9:00,2.76863313
416,2019-03-01 9:00,2.76863313
417,2019-03-03 9:00,3
418,2019-03-04 9:00,3.666666667
419,2019-03-05 9:00,2
420,2019-03-06 9:00,2.666666667
421,2019-03-07 9:00,3
422,2019-03-08 9:00,2.857142857
423,2019-03-11 9:00,1.4
424,2019-03-12 9:00,2.666666667
425,2019-03-13 9:00,4
426,2019-03-14 9:00,2.76863313
427,2019-03-15 9:00,3.25
428,2019-03-16 9:00,1
429,2019-03-17 9:00,1.714285714
430,2019-03-18 9:00,3.333333333
431,2019-03-19 9:00,3.153846154
432,2019-03-20 9:00,2.75
433,2019-03-21 9:00,3.4
434,2019-03-22 9:00,3.25
435,2019-03-23 9:00,4.5
436,2019-03-24 9:00,2.833333333
437,2019-03-25 9:00,2.703703704
438,2019-03-26 9:00,2.352941176
439,2019-03-27 9:00,2.631578947
440,2019-03-28 9:00,2.814814815
441,2019-03-29 9:00,2.083333333
442,2019-03-30 9:00,2.454545455
443,2019-03-31 9:00,2.526315789
444,2019-04-01 9:00,3.105263158
445,2019-04-02 9:00,2.538461538
446,2019-04-03 9:00,2.551724138
447,2019-04-04 9:00,3.153846154
448,2019-04-05 9:00,2.833333333
449,2019-04-06 9:00,2.9
450,2019-04-07 9:00,2.545454545
451,2019-04-08 9:00,2.28
452,2019-04-09 9:00,3.166666667
453,2019-04-10 9:00,2.411764706
454,2019-04-11 9:00,2.5
455,2019-04-12 9:00,2.5
456,2019-04-13 9:00,5
457,2019-04-14 9:00,3.428571429
458,2019-04-15 9:00,2.75
459,2019-04-16 9:00,2.4
460,2019-04-17 9:00,2.875
461,2019-04-18 9:00,2.5
462,2019-04-19 9:00,3
463,2019-04-20 9:00,3.25
464,2019-04-21 9:00,4.5
465,2019-04-22 9:00,3
466,2019-04-23 9:00,2.714285714
467,2019-04-24 9:00,2.4
468,2019-04-25 9:00,2.727272727
469,2019-04-26 9:00,3
470,2019-04-27 9:00,1
471,2019-04-28 9:00,1
472,2019-04-29 9:00,4
473,2019-04-30 9:00,1
474,2019-05-01 9:00,3.666666667
475,2019-05-02 9:00,3.153846154
476,2019-05-03 9:00,3
477,2019-05-04 9:00,2.76863313
478,2019-05-05 9:00,1
479,2019-05-06 9:00,3.5
480,2019-05-07 9:00,1.75
481,2019-05-08 9:00,2.166666667
482,2019-05-09 9:00,3
483,2019-05-10 9:00,2.888888889
484,2019-05-11 9:00,3
485,2019-05-12 9:00,2.125
486,2019-05-13 9:00,3.357142857
487,2019-05-14 9:00,3.1875
488,2019-05-15 9:00,1.882352941
489,2019-05-16 9:00,2.888888889
490,2019-05-17 9:00,2.76863313
491,2019-05-18 9:00,3.25
492,2019-05-19 9:00,2.857142857
493,2019-05-20 9:00,1.857142857
494,2019-05-21 9:00,2.875
495,2019-05-22 9:00,1.666666667
496,2019-05-23 9:00,3.333333333
497,2019-05-24 9:00,3
498,2019-05-26 9:00,3.2
499,2019-05-27 9:00,2.888888889
500,2019-05-28 9:00,2.833333333
501,2019-05-29 9:00,2.25
502,2019-05-30 9:00,2.888888889
503,2019-05-31 9:00,2.76863313
504,2019-06-01 9:00,2.666666667
505,2019-06-03 9:00,2.2
506,2019-06-04 9:00,3.166666667
507,2019-06-05 9:00,3.166666667
508,2019-06-06 9:00,2.25
509,2019-06-07 9:00,5
510,2019-06-09 9:00,2.8
511,2019-06-10 9:00,2.833333333
512,2019-06-11 9:00,2.833333333
513,2019-06-12 9:00,2.5
514,2019-06-13 9:00,2.714285714
515,2019-06-14 9:00,2.76863313
516,2019-06-16 9:00,2.2
517,2019-06-17 9:00,2.3
518,2019-06-18 9:00,2
519,2019-06-19 9:00,2.545454545
520,2019-06-20 9:00,2.636363636
521,2019-06-21 9:00,3.25
522,2019-06-22 9:00,1
523,2019-06-23 9:00,2.384615385
524,2019-06-24 9:00,2.888888889
525,2019-06-25 9:00,2.470588235
526,2019-06-26 9:00,1.944444444
527,2019-06-27 9:00,2
528,2019-06-28 9:00,2.76863313
529,2019-06-29 9:00,3.444444444
530,2019-06-30 9:00,3.555555556
531,2019-07-01 9:00,2.933333333
532,2019-07-02 9:00,2.428571429
533,2019-07-03 9:00,2.857142857
534,2019-07-04 9:00,2.9
535,2019-07-05 9:00,3.333333333
536,2019-07-06 9:00,1
537,2019-07-07 9:00,2.75
538,2019-07-08 9:00,2
539,2019-07-09 9:00,1.933333333
540,2019-07-10 9:00,2.238095238
541,2019-07-11 9:00,2.333333333
542,2019-07-12 9:00,1
543,2019-07-13 9:00,2.125
544,2019-07-14 9:00,2.181818182
545,2019-07-15 9:00,2.25
546,2019-07-16 9:00,3.133333333
547,2019-07-17 9:00,2.611111111
548,2019-07-18 9:00,2.75
549,2019-07-19 9:00,2.8
550,2019-07-20 9:00,1
551,2019-07-21 9:00,2.166666667
552,2019-07-22 9:00,2.888888889
553,2019-07-23 9:00,3.071428571
554,2019-07-24 9:00,2.7
555,2019-07-25 9:00,3.272727273
556,2019-07-26 9:00,4
557,2019-07-27 9:00,1.25
558,2019-07-28 9:00,3
559,2019-07-29 9:00,2.625
560,2019-07-30 9:00,2.846153846
561,2019-07-31 9:00,3.083333333
562,2019-08-01 9:00,2.866666667
563,2019-08-02 9:00,2.055555556
564,2019-08-05 9:00,2.333333333
565,2019-08-06 9:00,2.5
566,2019-08-07 9:00,3.6
567,2019-08-08 9:00,1.916666667
568,2019-08-09 9:00,2
569,2019-08-10 9:00,4
570,2019-08-11 9:00,3.222222222
571,2019-08-12 9:00,2.307692308
572,2019-08-13 9:00,1.727272727
573,2019-08-14 9:00,2.866666667
574,2019-08-15 9:00,2.727272727
575,2019-08-16 9:00,1
576,2019-08-17 9:00,3
577,2019-08-18 9:00,3.555555556
578,2019-08-19 9:00,3
579,2019-08-20 9:00,2.538461538
580,2019-08-21 9:00,2.909090909
581,2019-08-22 9:00,2.882352941
582,2019-08-23 9:00,2.6
583,2019-08-24 9:00,2.5
584,2019-08-25 9:00,2.166666667
585,2019-08-26 9:00,2.166666667
586,2019-08-27 9:00,2.416666667
587,2019-08-28 9:00,2.25
588,2019-08-29 9:00,2.2
589,2019-08-30 9:00,5
590,2019-08-31 9:00,2.5
591,2019-09-01 9:00,2.363636364
592,2019-09-02 9:00,2.909090909
593,2019-09-03 9:00,2.454545455
594,2019-09-04 9:00,3.285714286
595,2019-09-05 9:00,2.666666667
596,2019-09-06 9:00,4
597,2019-09-07 9:00,1
598,2019-09-08 9:00,1.666666667
599,2019-09-09 9:00,2.7
600,2019-09-10 9:00,3.363636364
601,2019-09-11 9:00,1.9
602,2019-09-12 9:00,2.285714286
603,2019-09-13 9:00,1
604,2019-09-14 9:00,1
605,2019-09-15 9:00,2.916666667
606,2019-09-16 9:00,3.181818182
607,2019-09-17 9:00,2.625
608,2019-09-18 9:00,3.230769231
609,2019-09-19 9:00,4.285714286
610,2019-09-20 9:00,2.76863313
611,2019-09-21 9:00,2.4
612,2019-09-22 9:00,2.538461538
613,2019-09-23 9:00,1.8
614,2019-09-24 9:00,2.1
615,2019-09-25 9:00,2.333333333
616,2019-09-26 9:00,2.5
617,2019-09-27 9:00,2.6
618,2019-09-28 9:00,1
619,2019-09-29 9:00,3.571428571
620,2019-09-30 9:00,2.777777778
621,2019-10-01 9:00,3.375
622,2019-10-02 9:00,2.888888889
623,2019-10-03 9:00,2.375
624,2019-10-04 9:00,3
625,2019-10-05 9:00,1.25
626,2019-10-06 9:00,3.777777778
627,2019-10-07 9:00,2.6
628,2019-10-08 9:00,3
629,2019-10-09 9:00,2.666666667
630,2019-10-10 9:00,3.285714286
631,2019-10-11 9:00,5
632,2019-10-12 9:00,2.76863313
633,2019-10-13 9:00,3.333333333
634,2019-10-14 9:00,2.666666667
635,2019-10-15 9:00,2.307692308
636,2019-10-16 9:00,3.25
637,2019-10-17 9:00,3
638,2019-10-18 9:00,1
639,2019-10-19 9:00,3.333333333
640,2019-10-20 9:00,2.888888889
641,2019-10-21 9:00,2.6
642,2019-10-22 9:00,3.066666667
643,2019-10-23 9:00,3.222222222
644,2019-10-24 9:00,3.473684211
645,2019-10-25 9:00,3.111111111
646,2019-10-26 9:00,2
647,2019-10-27 9:00,2.5
648,2019-10-28 9:00,3
649,2019-10-29 9:00,3.857142857
650,2019-10-30 9:00,3
651,2019-10-31 9:00,3.1
652,2019-11-01 9:00,2.333333333
653,2019-11-02 9:00,3
654,2019-11-03 9:00,3
655,2019-11-04 9:00,2.875
656,2019-11-05 9:00,2.615384615
657,2019-11-06 9:00,3.272727273
658,2019-11-07 9:00,2.6
659,2019-11-08 9:00,3
660,2019-11-09 9:00,2.5
661,2019-11-10 9:00,3.111111111
662,2019-11-11 9:00,1.857142857
663,2019-11-12 9:00,3.4
664,2019-11-13 9:00,2.75
665,2019-11-14 9:00,2.625
666,2019-11-15 9:00,5
667,2019-11-16 9:00,3.8
668,2019-11-17 9:00,2.1
669,2019-11-18 9:00,3.083333333
670,2019-11-19 9:00,2.538461538
671,2019-11-20 9:00,2.3
672,2019-11-21 9:00,2.56
673,2019-11-22 9:00,2.5
674,2019-11-23 9:00,1.8
675,2019-11-24 9:00,3.923076923
676,2019-11-25 9:00,2
677,2019-11-26 9:00,3.428571429
678,2019-11-27 9:00,3.2
679,2019-11-28 9:00,3.833333333
680,2019-11-29 9:00,3.333333333
681,2019-11-30 9:00,3
682,2019-12-01 9:00,3.166666667
683,2019-12-02 9:00,3.428571429
684,2019-12-03 9:00,3.5
685,2019-12-04 9:00,2
686,2019-12-05 9:00,2.5
687,2019-12-06 9:00,5
688,2019-12-08 9:00,2.666666667
689,2019-12-09 9:00,3.666666667
690,2019-12-10 9:00,2.857142857
691,2019-12-11 9:00,3.5
692,2019-12-12 9:00,3
693,2019-12-13 9:00,1
694,2019-12-14 9:00,3
695,2019-12-15 9:00,2.818181818
696,2019-12-16 9:00,1.777777778
697,2019-12-17 9:00,2.461538462
698,2019-12-18 9:00,3.25
699,2019-12-19 9:00,3.272727273
700,2019-12-20 9:00,2.5
701,2019-12-22 9:00,2.76863313
703,2019-12-23 9:00,3.8
704,2019-12-24 9:00,2.4
702,2019-12-25 9:00,3.333333333
705,2019-12-26 9:00,1.666666667
706,2019-12-27 9:00,2.76863313
707,2019-12-28 9:00,4
708,2019-12-29 9:00,1.6
709,2019-12-30 9:00,3
710,2019-12-31 9:00,2.76863313
711,2020-01-01 9:00,4.333333333
712,2020-01-02 9:00,3.333333333
713,2020-01-03 9:00,3.666666667
714,2020-01-04 9:00,3.333333333
715,2020-01-05 9:00,3
716,2020-01-06 9:00,2.333333333
717,2020-01-07 9:00,2.75
718,2020-01-08 9:00,4
719,2020-01-09 9:00,3
720,2020-01-10 9:00,3.5
721,2020-01-11 9:00,4
722,2020-01-12 9:00,3.8
723,2020-01-13 9:00,3
724,2020-01-14 9:00,2.666666667
725,2020-01-15 9:00,3
726,2020-01-16 9:00,3.875
727,2020-01-17 9:00,2.4
728,2020-01-18 9:00,3
729,2020-01-19 9:00,3.333333333
730,2020-01-20 9:00,2.5
731,2020-01-21 9:00,2
732,2020-01-22 9:00,3.625
733,2020-01-23 9:00,2.4
734,2020-01-24 9:00,3.666666667
735,2020-01-25 9:00,2
736,2020-01-26 9:00,2.363636364
737,2020-01-27 9:00,2.909090909
738,2020-01-28 9:00,2.666666667
739,2020-01-29 9:00,2
740,2020-01-30 9:00,2.8
741,2020-01-31 9:00,3.142857143
742,2020-02-01 9:00,1.666666667
743,2020-02-02 9:00,3.6
744,2020-02-03 9:00,2.75
745,2020-02-04 9:00,2.888888889
746,2020-02-05 9:00,2
747,2020-02-06 9:00,2.4
748,2020-02-07 9:00,3
749,2020-02-08 9:00,2.2
750,2020-02-09 9:00,2.428571429
751,2020-02-10 9:00,2.25
752,2020-02-11 9:00,3.666666667
753,2020-02-12 9:00,1.625
754,2020-02-13 9:00,3.833333333
755,2020-02-14 9:00,1.428571429
756,2020-02-15 9:00,2.4375
757,2020-02-16 9:00,2.666666667
758,2020-02-17 9:00,2.142857143
759,2020-02-18 9:00,2
760,2020-02-19 9:00,2.857142857
761,2020-02-20 9:00,1.833333333
762,2020-02-21 9:00,4
763,2020-02-22 9:00,1.75
764,2020-02-23 9:00,2.25
765,2020-02-24 9:00,2.083333333
766,2020-02-25 9:00,2.461538462
767,2020-02-26 9:00,2.2
768,2020-02-27 9:00,2.75
769,2020-02-28 9:00,2
770,2020-02-29 9:00,2.125
771,2020-03-01 9:00,2.428571429
772,2020-03-02 9:00,1.142857143
773,2020-03-03 9:00,2.357142857
774,2020-03-04 9:00,1.5
775,2020-03-05 9:00,2.5
776,2020-03-06 9:00,1.714285714
777,2020-03-07 9:00,2.473684211
778,2020-03-08 9:00,2.222222222
779,2020-03-09 9:00,2.857142857
780,2020-03-10 9:00,2.214285714
781,2020-03-11 9:00,2.023809524
782,2020-03-12 9:00,2.19047619
783,2020-03-13 9:00,2.631578947
784,2020-03-14 9:00,3.142857143
785,2020-03-15 9:00,2.666666667
786,2020-03-16 9:00,2.947368421
787,2020-03-17 9:00,2.9
788,2020-03-18 9:00,2.423076923
789,2020-03-19 9:00,2.375
790,2020-03-20 9:00,3
791,2020-03-21 9:00,2.6
792,2020-03-22 9:00,2.888888889
793,2020-03-23 9:00,2.5
794,2020-03-24 9:00,2.764705882
795,2020-03-25 9:00,2.428571429
796,2020-03-26 9:00,2.909090909
797,2020-03-27 9:00,2.375
798,2020-03-28 9:00,2.9375
799,2020-03-29 9:00,2.583333333
800,2020-03-30 9:00,2.555555556
801,2020-03-31 9:00,2.642857143
802,2020-04-01 9:00,2.529411765
803,2020-04-02 9:00,2.684210526
804,2020-04-03 9:00,2.578947368
805,2020-04-04 9:00,2.529411765
806,2020-04-05 9:00,2
807,2020-04-06 9:00,2.333333333
808,2020-04-07 9:00,2.375
809,2020-04-08 9:00,1.888888889
810,2020-04-09 9:00,2.692307692
811,2020-04-10 9:00,2.166666667
812,2020-04-11 9:00,2.363636364
813,2020-04-12 9:00,2.166666667
814,2020-04-13 9:00,3.333333333
815,2020-04-14 9:00,3
816,2020-04-16 9:00,2.76863313
817,2020-04-18 9:00,2.76863313
818,2020-04-21 9:00,2.76863313
819,2020-04-23 9:00,2.76863313
820,2020-04-26 9:00,2.76863313
821,2020-04-27 9:00,2.76863313
822,2020-04-28 9:00,1.75
823,2020-04-29 9:00,5
824,2020-04-30 9:00,2.76863313
825,2020-05-03 9:00,2.76863313
826,2020-05-04 9:00,1
827,2020-05-07 9:00,3
828,2020-05-08 9:00,2.666666667
829,2020-05-09 9:00,1
830,2020-05-10 9:00,2
831,2020-05-11 9:00,3
832,2020-05-14 9:00,3.1
833,2020-05-15 9:00,3
834,2020-05-16 9:00,2.833333333
835,2020-05-17 9:00,2.75
836,2020-05-18 9:00,2.4
837,2020-05-19 9:00,2.4
838,2020-05-20 9:00,3.333333333
839,2020-05-21 9:00,3.071428571
840,2020-05-22 9:00,1.8
841,2020-05-23 9:00,3
842,2020-05-24 9:00,2.75862069
843,2020-05-25 9:00,2.65625
844,2020-05-26 9:00,2.608695652
845,2020-05-27 9:00,2.25
846,2020-05-28 9:00,2.818181818
847,2020-05-29 9:00,2.666666667
848,2020-05-30 9:00,2.631578947
849,2020-05-31 9:00,2.303030303
850,2020-06-01 9:00,3.272727273
851,2020-06-02 9:00,2.4
852,2020-06-03 9:00,2.7
853,2020-06-04 9:00,3.777777778
854,2020-06-05 9:00,2.833333333
855,2020-06-06 9:00,2.277777778
856,2020-06-07 9:00,2.5
857,2020-06-08 9:00,2.833333333
858,2020-06-09 9:00,3
859,2020-06-10 9:00,2.833333333
860,2020-06-11 9:00,2.769230769
861,2020-06-12 9:00,2.411764706
862,2020-06-13 9:00,2.307692308
863,2020-06-14 9:00,3.454545455
864,2020-06-15 9:00,2.8
865,2020-06-16 9:00,3
866,2020-06-17 9:00,2.111111111
867,2020-06-18 9:00,3
868,2020-06-19 9:00,2.1875
869,2020-06-20 9:00,2.933333333
870,2020-06-21 9:00,2.866666667
871,2020-06-22 9:00,3.25
872,2020-06-23 9:00,1.333333333
873,2020-06-24 9:00,2.6
874,2020-06-25 9:00,3
875,2020-06-26 9:00,2.714285714
876,2020-06-27 9:00,3.125
877,2020-06-28 9:00,2.125
878,2020-06-29 9:00,2.923076923
879,2020-06-30 9:00,3.153846154
880,2020-07-01 9:00,3.3125
881,2020-07-02 9:00,2.9
882,2020-07-03 9:00,3.181818182
883,2020-07-04 9:00,3.375
884,2020-07-05 9:00,3.5
885,2020-07-06 9:00,3.5
886,2020-07-07 9:00,2.666666667
887,2020-07-08 9:00,2.625
888,2020-07-09 9:00,4.142857143
889,2020-07-10 9:00,2.923076923
890,2020-07-11 9:00,2.666666667
891,2020-07-12 9:00,2.384615385
892,2020-07-13 9:00,3.6
893,2020-07-14 9:00,3.083333333
894,2020-07-15 9:00,2.571428571
895,2020-07-16 9:00,2.555555556
896,2020-07-17 9:00,2.583333333
897,2020-07-18 9:00,2.384615385
898,2020-07-19 9:00,2.705882353
899,2020-07-20 9:00,2.727272727
900,2020-07-21 9:00,2.454545455
901,2020-07-22 9:00,2.444444444
902,2020-07-23 9:00,1.4
903,2020-07-24 9:00,2.833333333
904,2020-07-25 9:00,3
905,2020-07-26 9:00,2.9375
906,2020-07-27 9:00,2.4
907,2020-07-28 9:00,3.333333333
908,2020-07-29 9:00,2.230769231
909,2020-07-30 9:00,1.666666667
910,2020-07-31 9:00,2.3
911,2020-08-01 9:00,2.65
912,2020-08-02 9:00,2.352941176
913,2020-08-03 9:00,1.428571429
914,2020-08-04 9:00,3.888888889
915,2020-08-05 9:00,3.3125
916,2020-08-06 9:00,2.444444444
917,2020-08-07 9:00,2.083333333
918,2020-08-08 9:00,2.7
919,2020-08-09 9:00,2.461538462
920,2020-08-10 9:00,2.421052632
921,2020-08-11 9:00,2.727272727
922,2020-08-12 9:00,2.636363636
923,2020-08-13 9:00,3.4
924,2020-08-14 9:00,2.941176471
925,2020-08-15 9:00,2.916666667
926,2020-08-16 9:00,3.6
927,2020-08-17 9:00,2
928,2020-08-18 9:00,3.272727273
929,2020-08-19 9:00,2
930,2020-08-20 9:00,2.6
931,2020-08-21 9:00,2.8
932,2020-08-22 9:00,2.555555556
933,2020-08-23 9:00,3.363636364
934,2020-08-24 9:00,2.416666667
935,2020-08-25 9:00,2
936,2020-08-26 9:00,3.3
937,2020-08-27 9:00,2.5
938,2020-08-28 9:00,3
939,2020-08-29 9:00,2.454545455
940,2020-08-30 9:00,2.722222222
941,2020-08-31 9:00,2.545454545
942,2020-09-01 9:00,2.263157895
943,2020-09-02 9:00,2.210526316
944,2020-09-03 9:00,2.6
945,2020-09-04 9:00,2.416666667
946,2020-09-05 9:00,3.125
947,2020-09-06 9:00,2.888888889
948,2020-09-07 9:00,2.769230769
949,2020-09-08 9:00,2.416666667
950,2020-09-09 9:00,3.285714286
951,2020-09-10 9:00,2.333333333
952,2020-09-11 9:00,2.357142857
953,2020-09-12 9:00,2.875
954,2020-09-13 9:00,2.307692308
955,2020-09-14 9:00,2.625
956,2020-09-15 9:00,2.6
957,2020-09-16 9:00,2.8
958,2020-09-17 9:00,2.8
959,2020-09-18 9:00,2.888888889
960,2020-09-19 9:00,2.7
961,2020-09-20 9:00,2.733333333
962,2020-09-21 9:00,2.545454545
963,2020-09-22 9:00,2
964,2020-09-23 9:00,3
965,2020-09-24 9:00,2.888888889
966,2020-09-25 9:00,3.5
967,2020-09-26 9:00,4.125
968,2020-09-27 9:00,3.307692308
969,2020-09-28 9:00,2.272727273
970,2020-09-29 9:00,2.625
971,2020-09-30 9:00,2.166666667
972,2020-10-01 9:00,2.833333333
973,2020-10-02 9:00,3
974,2020-10-03 9:00,2.888888889
975,2020-10-04 9:00,3.25
976,2020-10-05 9:00,2.181818182
977,2020-10-06 9:00,1.909090909
978,2020-10-07 9:00,2.285714286
979,2020-10-08 9:00,2.615384615
980,2020-10-09 9:00,3.571428571
981,2020-10-10 9:00,2.846153846
982,2020-10-11 9:00,3
983,2020-10-12 9:00,2.818181818
984,2020-10-13 9:00,2.25
985,2020-10-14 9:00,2.75
986,2020-10-15 9:00,1.75
987,2020-10-16 9:00,2.545454545
988,2020-10-17 9:00,2.705882353
989,2020-10-18 9:00,3.263157895
990,2020-10-19 9:00,2.181818182
991,2020-10-20 9:00,1.833333333
992,2020-10-21 9:00,3.111111111
993,2020-10-22 9:00,2.769230769
994,2020-10-23 9:00,2.363636364
995,2020-10-24 9:00,1.625
996,2020-10-25 9:00,2.846153846
997,2020-10-26 9:00,2.894736842
998,2020-10-27 9:00,2.333333333
999,2020-10-28 9:00,3
1000,2020-10-29 9:00,2.764705882
1001,2020-10-30 9:00,3.055555556
1002,2020-10-31 9:00,2.866666667
1003,2020-11-01 9:00,3.05
1004,2020-11-02 9:00,2.384615385
1005,2020-11-03 9:00,2.428571429
1006,2020-11-04 9:00,3.043478261
1007,2020-11-05 9:00,2.529411765
1008,2020-11-06 9:00,2.909090909
1009,2020-11-07 9:00,2.923076923
1010,2020-11-08 9:00,3.117647059
1011,2020-11-09 9:00,3.055555556
1012,2020-11-10 9:00,1.818181818
1013,2020-11-11 9:00,2.733333333
1014,2020-11-12 9:00,2.722222222
1015,2020-11-13 9:00,3
1016,2020-11-14 9:00,3.133333333
1017,2020-11-15 9:00,2.842105263
1018,2020-11-16 9:00,2.333333333
1019,2020-11-17 9:00,3.285714286
1020,2020-11-18 9:00,2.785714286
1021,2020-11-19 9:00,3.72
1022,2020-11-20 9:00,3.057142857
1023,2020-11-21 9:00,2.631578947
1024,2020-11-22 9:00,3.35483871
1025,2020-11-23 9:00,2.965517241
1026,2020-11-24 9:00,2.380952381
1027,2020-11-25 9:00,2.326530612
1028,2020-11-26 9:00,2.896551724
1029,2020-11-27 9:00,2.766666667
1030,2020-11-28 9:00,2.913043478
1031,2020-11-29 9:00,3.047619048
1032,2020-11-30 9:00,2.615384615
1033,2020-12-01 9:00,2.833333333
1034,2020-12-02 9:00,2.625
1035,2020-12-03 9:00,2.666666667
1036,2020-12-04 9:00,2.75
1037,2020-12-05 9:00,2.75
1038,2020-12-06 9:00,2.631578947
1039,2020-12-07 9:00,2.5
1040,2020-12-08 9:00,3.473684211
1041,2020-12-09 9:00,2.545454545
1042,2020-12-10 9:00,3.538461538
1043,2020-12-11 9:00,3.071428571
1044,2020-12-12 9:00,3.117647059
1045,2020-12-13 9:00,2.611111111
1046,2020-12-14 9:00,2.555555556
1047,2020-12-15 9:00,3.28
1048,2020-12-16 9:00,2.869565217
1049,2020-12-17 9:00,2.533333333
1050,2020-12-18 9:00,2.590909091
1051,2020-12-19 9:00,2.764705882
1052,2020-12-20 9:00,2.36
1053,2020-12-21 9:00,2.535714286
1054,2020-12-22 9:00,2.409090909
1055,2020-12-23 9:00,3.24137931
1056,2020-12-24 9:00,2.666666667
1057,2020-12-25 9:00,3.208333333
1058,2020-12-26 9:00,3.206896552
1059,2020-12-27 9:00,3.173913043
1060,2020-12-28 9:00,2.416666667
1061,2020-12-29 9:00,3.4
1062,2020-12-30 9:00,2.826086957
1063,2020-12-31 9:00,2.8
1064,2021-01-01 9:00,3.4
1065,2021-01-02 9:00,3.172413793
1066,2021-01-03 9:00,2.794871795
1067,2021-01-04 9:00,3.020833333
1068,2021-01-05 9:00,3.083333333
1069,2021-01-06 9:00,2.454545455
1070,2021-01-07 9:00,2.451612903
1071,2021-01-08 9:00,2.925925926
1072,2021-01-09 9:00,2.05
1073,2021-01-10 9:00,2.309090909
1074,2021-01-11 9:00,2.612903226
1075,2021-01-12 9:00,2.942857143
1076,2021-01-13 9:00,2.666666667
1077,2021-01-14 9:00,2.115384615
1078,2021-01-15 9:00,2.388888889
1079,2021-01-16 9:00,2.65
1080,2021-01-17 9:00,2.9
1081,2021-01-18 9:00,2.826086957
1082,2021-01-19 9:00,2.777777778
1083,2021-01-20 9:00,2.259259259
1084,2021-01-21 9:00,3.142857143
1085,2021-01-22 9:00,3.181818182
1086,2021-01-23 9:00,3.136363636
1087,2021-01-24 9:00,3.185185185
1088,2021-01-25 9:00,2.4375
1089,2021-01-26 9:00,3.045454545
1090,2021-01-27 9:00,3.368421053
1091,2021-01-28 9:00,2.619047619
1092,2021-01-29 9:00,2.523809524
1093,2021-01-30 9:00,2.583333333
1094,2021-01-31 9:00,2.590909091
1095,2021-02-01 9:00,2.461538462
1096,2021-02-02 9:00,2.55
1097,2021-02-03 9:00,2.823529412
1098,2021-02-04 9:00,3.111111111
1099,2021-02-05 9:00,2.352941176
1100,2021-02-06 9:00,2.615384615
1101,2021-02-07 9:00,3.181818182
1102,2021-02-08 9:00,2.96969697
1103,2021-02-09 9:00,2.464285714
1104,2021-02-10 9:00,3.2
1105,2021-02-11 9:00,2.903225806
1106,2021-02-12 9:00,3.153846154
1107,2021-02-13 9:00,2.84
1108,2021-02-14 9:00,2.92
1109,2021-02-15 9:00,2.827586207
1110,2021-02-16 9:00,2.931034483
1111,2021-02-17 9:00,3.222222222
1112,2021-02-18 9:00,3
1113,2021-02-19 9:00,2.826086957
1114,2021-02-20 9:00,3.125
1115,2021-02-21 9:00,2.239130435
1116,2021-02-22 9:00,2.913043478
1117,2021-02-23 9:00,2.815789474
1118,2021-02-24 9:00,2.516129032
1119,2021-02-25 9:00,3.121212121
1120,2021-02-26 9:00,2.75
1121,2021-02-27 9:00,2.714285714
1122,2021-02-28 9:00,3.322580645
1123,2021-03-01 9:00,3.08
1124,2021-03-02 9:00,3.25
1125,2021-03-03 9:00,2.611111111
1126,2021-03-04 9:00,3.391304348
1127,2021-03-05 9:00,2.230769231
1128,2021-03-06 9:00,2.642857143
1129,2021-03-07 9:00,3.235294118
1130,2021-03-08 9:00,3.08
1131,2021-03-09 9:00,3.129032258
1132,2021-03-10 9:00,2.222222222
1133,2021-03-11 9:00,2.592592593
1134,2021-03-12 9:00,2.863636364
1135,2021-03-13 9:00,2.666666667
1136,2021-03-14 9:00,2.833333333
1137,2021-03-15 9:00,2.4375
1138,2021-03-16 9:00,2.285714286
1139,2021-03-17 9:00,2.607142857
1140,2021-03-18 9:00,3.157894737
1141,2021-03-19 9:00,2.8
1142,2021-03-20 9:00,3.142857143
1143,2021-03-21 9:00,2.5
1144,2021-03-22 9:00,3.095238095
1145,2021-03-23 9:00,2.470588235
1146,2021-03-24 9:00,2.558823529
1147,2021-03-25 9:00,3
1148,2021-03-26 9:00,2.842105263
1149,2021-03-27 9:00,2.782608696
1150,2021-03-28 9:00,2.766666667
1151,2021-03-29 9:00,3.227272727
1152,2021-03-30 9:00,3.35
1153,2021-03-31 9:00,2.875
1154,2021-04-01 9:00,2.954545455
1155,2021-04-02 9:00,2.666666667
1156,2021-04-03 9:00,2.8
1157,2021-04-04 9:00,3.34375
1158,2021-04-05 9:00,2.689655172
1159,2021-04-06 9:00,2
1160,2021-04-07 9:00,2.62962963
1161,2021-04-08 9:00,2.833333333
1162,2021-04-09 9:00,2.904761905
1163,2021-04-10 9:00,3
1164,2021-04-11 9:00,3.111111111
1165,2021-04-12 9:00,3.486486486
1166,2021-04-13 9:00,2.794117647
1167,2021-04-14 9:00,3.028571429
1168,2021-04-15 9:00,2.933333333
1169,2021-04-16 9:00,2.214285714
1170,2021-04-17 9:00,2.772727273
1171,2021-04-18 9:00,2.71875
1172,2021-04-19 9:00,3.03030303
1173,2021-04-20 9:00,2.636363636
1174,2021-04-21 9:00,2.375
1175,2021-04-22 9:00,2.925925926
1176,2021-04-23 9:00,2.866666667
1177,2021-04-24 9:00,2.888888889
1178,2021-04-25 9:00,2.862068966
1181,2021-04-26 9:00,3.095238095
1179,2021-04-27 9:00,3.076923077
1180,2021-04-28 9:00,3.139534884
1182,2021-04-29 9:00,2.739130435
1183,2021-04-30 9:00,3
1184,2021-05-01 9:00,2.705882353
1185,2021-05-02 9:00,3.096774194
1186,2021-05-03 9:00,3.275862069
1187,2021-05-04 9:00,2.696969697
1188,2021-05-05 9:00,2.806451613
1189,2021-05-06 9:00,2.923076923
1190,2021-05-07 9:00,4.166666667
1191,2021-05-08 9:00,3.647058824
1192,2021-05-09 9:00,2.428571429
1193,2021-05-10 9:00,2.78125
1194,2021-05-11 9:00,2.482758621
1195,2021-05-12 9:00,2.977272727
1196,2021-05-13 9:00,3.176470588
1197,2021-05-14 9:00,2.56
1198,2021-05-15 9:00,2.482758621
1199,2021-05-16 9:00,2.763157895
1200,2021-05-17 9:00,2.419354839
1201,2021-05-18 9:00,2.406779661
1202,2021-05-19 9:00,2.722222222
1203,2021-05-20 9:00,2.6
1204,2021-05-21 9:00,2.642857143
1205,2021-05-22 9:00,1.966666667
1206,2021-05-23 9:00,3
1207,2021-05-24 9:00,3.153846154
1208,2021-05-25 9:00,3.095238095
1209,2021-05-26 9:00,2.516129032
1210,2021-05-27 9:00,2.481481481
1211,2021-05-28 9:00,2.185185185
1212,2021-05-29 9:00,2.736842105
1213,2021-05-30 9:00,2.676470588
1214,2021-05-31 9:00,2.962962963
1215,2021-06-01 9:00,2.882352941
1216,2021-06-02 9:00,2.769230769
1217,2021-06-03 9:00,3.352941176
1218,2021-06-04 9:00,3.28
1219,2021-06-05 9:00,3.235294118
1220,2021-06-06 9:00,2.625
1221,2021-06-07 9:00,2.428571429
1222,2021-06-08 9:00,3.365384615
1223,2021-06-09 9:00,2.636363636
1224,2021-06-10 9:00,2.730769231
1225,2021-06-11 9:00,2.6
1226,2021-06-12 9:00,2.576923077
1227,2021-06-13 9:00,3.260869565
1228,2021-06-14 9:00,2.464285714
1229,2021-06-15 9:00,2.466666667
1230,2021-06-16 9:00,3.060606061
1231,2021-06-17 9:00,3.2
1232,2021-06-18 9:00,3.136363636
1233,2021-06-19 9:00,2.88
1234,2021-06-20 9:00,2.770833333
1235,2021-06-21 9:00,2.976190476
1236,2021-06-22 9:00,2.857142857
1237,2021-06-23 9:00,2.703703704
1238,2021-06-24 9:00,2.419354839
1239,2021-06-25 9:00,2.761904762
1240,2021-06-26 9:00,3
1241,2021-06-27 9:00,3.029411765
1242,2021-06-28 9:00,3.060606061
1243,2021-06-29 9:00,3.081081081
1244,2021-06-30 9:00,2.739130435
1245,2021-07-01 9:00,2.45
1246,2021-07-02 9:00,2.590909091
1247,2021-07-03 9:00,2.95
1248,2021-07-04 9:00,2.684210526
1249,2021-07-05 9:00,2.692307692
1250,2021-07-06 9:00,2.8125
1251,2021-07-07 9:00,2.76
1252,2021-07-08 9:00,2.966666667
1253,2021-07-09 9:00,2.586206897
1254,2021-07-10 9:00,3.181818182
1255,2021-07-11 9:00,2.695652174
1256,2021-07-12 9:00,2.545454545
1257,2021-07-13 9:00,2.333333333
1258,2021-07-14 9:00,2.578947368
1259,2021-07-15 9:00,2.92
1260,2021-07-16 9:00,2.8
1261,2021-07-17 9:00,3.047619048
1262,2021-07-18 9:00,2.48
1263,2021-07-19 9:00,3.157894737
1264,2021-07-20 9:00,2.875
1265,2021-07-21 9:00,2.6875
1266,2021-07-22 9:00,3.222222222
1267,2021-07-23 9:00,2.222222222
1268,2021-07-24 9:00,2.823529412
1269,2021-07-25 9:00,2.743589744
1270,2021-07-26 9:00,3.035714286
1271,2021-07-27 9:00,2.8125
1272,2021-07-28 9:00,3.235294118
1273,2021-07-29 9:00,2.727272727
1274,2021-07-30 9:00,3.285714286
1275,2021-07-31 9:00,3.375
1276,2021-08-01 9:00,2.466666667
1277,2021-08-02 9:00,3.464285714
1278,2021-08-03 9:00,3.615384615
1279,2021-08-04 9:00,3.181818182
1280,2021-08-05 9:00,3.333333333
1281,2021-08-06 9:00,3.125
1282,2021-08-07 9:00,3.176470588
1283,2021-08-08 9:00,3.125
1284,2021-08-09 9:00,3.071428571
1285,2021-08-10 9:00,3.275862069
1286,2021-08-11 9:00,3.15
1287,2021-08-12 9:00,2.8
1288,2021-08-13 9:00,2.5
1289,2021-08-14 9:00,2.428571429
1290,2021-08-15 9:00,2.888888889
1291,2021-08-16 9:00,2.666666667
1292,2021-08-17 9:00,2.75
1293,2021-08-18 9:00,2.318181818
1294,2021-08-19 9:00,3.166666667
1295,2021-08-20 9:00,3
1296,2021-08-21 9:00,3.095238095
1297,2021-08-22 9:00,2.6875
1298,2021-08-23 9:00,2.681818182
1299,2021-08-24 9:00,2.346153846
1300,2021-08-25 9:00,2.966666667
1301,2021-08-26 9:00,3.826086957
1302,2021-08-27 9:00,3.470588235
1303,2021-08-28 9:00,3.214285714
1304,2021-08-29 9:00,3.047619048
1305,2021-08-30 9:00,2.772727273
1306,2021-08-31 9:00,2.904761905
1307,2021-09-01 9:00,2.454545455
1308,2021-09-02 9:00,3.235294118
1309,2021-09-03 9:00,2.866666667
1310,2021-09-04 9:00,3.3
1311,2021-09-05 9:00,3.407407407
1312,2021-09-06 9:00,2.540540541
1313,2021-09-07 9:00,2.142857143
1314,2021-09-08 9:00,3.058823529
1315,2021-09-09 9:00,2.846153846
1316,2021-09-10 9:00,3
1317,2021-09-11 9:00,2.875
1318,2021-09-12 9:00,3.318181818
1319,2021-09-13 9:00,2.925925926
1320,2021-09-14 9:00,2.761904762
1321,2021-09-15 9:00,2.928571429
1322,2021-09-16 9:00,2.736842105
1323,2021-09-17 9:00,3.5
1324,2021-09-18 9:00,2.6
1325,2021-09-19 9:00,2.741935484
1326,2021-09-20 9:00,2.757575758
1327,2021-09-21 9:00,2.580645161
1328,2021-09-22 9:00,2.619047619
1329,2021-09-23 9:00,2.742857143
1330,2021-09-24 9:00,2.733333333
1331,2021-09-25 9:00,3.235294118
1332,2021-09-26 9:00,3.19047619
1333,2021-09-27 9:00,2.235294118
1334,2021-09-28 9:00,2.318181818
1335,2021-09-29 9:00,2.684210526
1336,2021-09-30 9:00,2.695652174
1337,2021-10-01 9:00,3
1338,2021-10-02 9:00,3.055555556
1339,2021-10-03 9:00,2.590909091
1340,2021-10-04 9:00,2.78125
1341,2021-10-05 9:00,2.96875
1342,2021-10-06 9:00,2.666666667
1343,2021-10-07 9:00,2.863636364
1344,2021-10-08 9:00,2.6
1345,2021-10-09 9:00,1.941176471
1346,2021-10-10 9:00,2.615384615
1347,2021-10-11 9:00,2.8
1348,2021-10-12 9:00,2.636363636
1349,2021-10-13 9:00,3.34375
1350,2021-10-14 9:00,2.428571429
1351,2021-10-15 9:00,2.947368421
1352,2021-10-16 9:00,2.590909091
1353,2021-10-17 9:00,3.428571429
1354,2021-10-18 9:00,2.76744186
1355,2021-10-19 9:00,3.21875
1356,2021-10-20 9:00,2.631578947
1357,2021-10-21 9:00,2.681818182
1358,2021-10-22 9:00,2.375
1359,2021-10-23 9:00,2.722222222
1360,2021-10-24 9:00,3.057142857
1361,2021-10-25 9:00,3.157894737
1362,2021-10-26 9:00,3.035714286
1363,2021-10-27 9:00,3.068965517
1364,2021-10-28 9:00,2.444444444
1365,2021-10-29 9:00,3.5
1366,2021-10-30 9:00,3.5
1367,2021-10-31 9:00,3.2
1368,2021-11-01 9:00,2.954545455
1369,2021-11-02 9:00,2.903225806
1370,2021-11-03 9:00,2.65
1371,2021-11-04 9:00,2.416666667
1372,2021-11-05 9:00,2.1
1373,2021-11-06 9:00,2.933333333
1374,2021-11-07 9:00,3
1375,2021-11-08 9:00,3.72
1376,2021-11-09 9:00,3.103448276
1377,2021-11-10 9:00,2.807692308
1378,2021-11-11 9:00,2.458333333
1379,2021-11-12 9:00,2.928571429
1380,2021-11-13 9:00,2.789473684
1381,2021-11-14 9:00,2.5625
1382,2021-11-15 9:00,2.518518519
1383,2021-11-16 9:00,3.458333333
1384,2021-11-17 9:00,2.733333333
1385,2021-11-18 9:00,3.523809524
1386,2021-11-19 9:00,3
1387,2021-11-20 9:00,3.571428571
1388,2021-11-21 9:00,2.576923077
1389,2021-11-22 9:00,3.357142857
1390,2021-11-23 9:00,2.826086957
1391,2021-11-24 9:00,3.210526316
1392,2021-11-25 9:00,2
1393,2021-11-26 9:00,4.166666667
1394,2021-11-27 9:00,3.066666667
1395,2021-11-28 9:00,2.878787879
1396,2021-11-29 9:00,3.25
1397,2021-11-30 9:00,3.043478261
1398,2021-12-01 9:00,2.782608696
1399,2021-12-02 9:00,1.75
1400,2021-12-03 9:00,2.208333333
1401,2021-12-04 9:00,2.705882353
1402,2021-12-05 9:00,2.761904762
1403,2021-12-06 9:00,3.321428571
1404,2021-12-07 9:00,3.413793103
1405,2021-12-08 9:00,2.916666667
1406,2021-12-09 9:00,2.705882353
1407,2021-12-10 9:00,2.631578947
1408,2021-12-11 9:00,3
1409,2021-12-12 9:00,3.09375
1410,2021-12-13 9:00,3.5
1411,2021-12-14 9:00,3.238095238
1412,2021-12-15 9:00,3.25
1413,2021-12-16 9:00,3.473684211
1414,2021-12-17 9:00,3.333333333
1415,2021-12-18 9:00,3.375
1416,2021-12-19 9:00,2.625
1417,2021-12-20 9:00,2.882352941
1418,2021-12-21 9:00,2.96
1419,2021-12-22 9:00,3.952380952
1420,2021-12-23 9:00,2.866666667
1421,2021-12-24 9:00,2.909090909
1422,2021-12-25 9:00,2.833333333
1423,2021-12-26 9:00,3.2
1424,2021-12-27 9:00,2.379310345
1425,2021-12-28 9:00,2.774193548
1426,2021-12-29 9:00,3.068965517
1427,2021-12-30 9:00,2.545454545
1428,2021-12-31 9:00,2.6
1429,2022-01-01 9:00,2.75
1430,2022-01-02 9:00,3.095238095
1431,2022-01-03 9:00,2.956521739
1432,2022-01-04 9:00,2.318181818
1433,2022-01-05 9:00,2.833333333
1434,2022-01-06 9:00,3.166666667
1435,2022-01-07 9:00,2.714285714
1436,2022-01-08 9:00,3.1
1437,2022-01-09 9:00,2.827586207
1438,2022-01-10 9:00,3.24
1439,2022-01-11 9:00,3.166666667
1440,2022-01-12 9:00,2.583333333
1441,2022-01-13 9:00,2.55
1442,2022-01-14 9:00,3.25
1443,2022-01-15 9:00,3.266666667
1444,2022-01-16 9:00,3.571428571
1445,2022-01-17 9:00,3.166666667
1446,2022-01-18 9:00,2.52173913
1447,2022-01-19 9:00,2.565217391
1448,2022-01-20 9:00,2.96
1449,2022-01-21 9:00,2.5
1450,2022-01-22 9:00,2.090909091
1451,2022-01-23 9:00,2.266666667
1452,2022-01-24 9:00,3.217391304
1453,2022-01-25 9:00,2.083333333
1454,2022-01-26 9:00,2.681818182
1455,2022-01-27 9:00,2.647058824
1456,2022-01-28 9:00,1.785714286
1457,2022-01-29 9:00,3
1458,2022-01-30 9:00,2.826086957
1459,2022-01-31 9:00,3.4
1460,2022-02-01 9:00,3.16
1461,2022-02-02 9:00,2.5
1462,2022-02-03 9:00,3.125
1463,2022-02-04 9:00,3.875
1464,2022-02-05 9:00,3.2
1465,2022-02-06 9:00,3.208333333
1466,2022-02-07 9:00,3.222222222
1467,2022-02-08 9:00,3.222222222
1468,2022-02-09 9:00,3.333333333
1469,2022-02-10 9:00,3.25
1470,2022-02-11 9:00,3.1
1471,2022-02-12 9:00,3.2
1472,2022-02-13 9:00,3.142857143
1473,2022-02-14 9:00,2.761904762
1474,2022-02-15 9:00,3.142857143
1475,2022-02-16 9:00,2.913043478
1476,2022-02-17 9:00,2.913043478
1477,2022-02-18 9:00,2.916666667
1478,2022-02-19 9:00,2.818181818
1479,2022-02-20 9:00,2.565217391
1480,2022-02-21 9:00,2.565217391
1481,2022-02-22 9:00,2.583333333
1482,2022-02-23 9:00,2.739130435
1483,2022-02-24 9:00,3.064516129
1484,2022-02-25 9:00,2.833333333
1485,2022-02-26 9:00,2.555555556
1486,2022-02-27 9:00,2.642857143
1487,2022-02-28 9:00,3.03125
1488,2022-03-01 9:00,2.956521739
1489,2022-03-02 9:00,2.142857143
1490,2022-03-03 9:00,2.8
1491,2022-03-04 9:00,3
1492,2022-03-05 9:00,2.625
1493,2022-03-06 9:00,3.375
1494,2022-03-07 9:00,2.333333333
1495,2022-03-08 9:00,2.55
1496,2022-03-09 9:00,2.055555556
1497,2022-03-10 9:00,2.928571429
1498,2022-03-11 9:00,3.083333333
1499,2022-03-12 9:00,2.75
1500,2022-03-13 9:00,2.8
1501,2022-03-14 9:00,2.866666667
1502,2022-03-15 9:00,2.384615385
1503,2022-03-16 9:00,2.923076923
1504,2022-03-17 9:00,2.4
1505,2022-03-18 9:00,3.181818182
1506,2022-03-19 9:00,3.333333333
1507,2022-03-20 9:00,2.476190476
1508,2022-03-21 9:00,3.157894737
1509,2022-03-22 9:00,2.833333333
1510,2022-03-23 9:00,2.4
1511,2022-03-24 9:00,2.791666667
1512,2022-03-25 9:00,2.75
1513,2022-03-26 9:00,2.75
1514,2022-03-27 9:00,3.176470588
1515,2022-03-28 9:00,3.37037037
1516,2022-03-29 9:00,2.866666667
1517,2022-03-30 9:00,2.888888889
1518,2022-03-31 9:00,2.8125
1519,2022-04-01 9:00,3.529411765
1520,2022-04-02 9:00,3
1521,2022-04-03 9:00,3.416666667
1522,2022-04-04 9:00,3.75
1523,2022-04-05 9:00,3.04
1524,2022-04-06 9:00,3.263157895
1525,2022-04-07 9:00,3.208333333
1526,2022-04-08 9:00,3.4375
1527,2022-04-09 9:00,2.769230769
1528,2022-04-10 9:00,3.071428571
1529,2022-04-11 9:00,2.7
1530,2022-04-12 9:00,2.736842105
1531,2022-04-13 9:00,2.666666667
1532,2022-04-14 9:00,3.571428571
1533,2022-04-15 9:00,3.5
1534,2022-04-16 9:00,2.375
1535,2022-04-17 9:00,2.761904762
1536,2022-04-18 9:00,2.818181818
1537,2022-04-19 9:00,3
1538,2022-04-20 9:00,3.705882353
1539,2022-04-21 9:00,2.5
1540,2022-04-22 9:00,3.571428571
1541,2022-04-23 9:00,3.125
1542,2022-04-24 9:00,3.607142857
1543,2022-04-25 9:00,3
1544,2022-04-26 9:00,2.416666667
1545,2022-04-27 9:00,3.4
1546,2022-04-28 9:00,2.954545455
1547,2022-04-29 9:00,2.818181818
1548,2022-04-30 9:00,2.583333333
1549,2022-05-02 9:00,2.842105263
1550,2022-05-03 9:00,2.733333333
1551,2022-05-04 9:00,2.863636364
1552,2022-05-05 9:00,2.620689655
1553,2022-05-06 9:00,2.5625
1554,2022-05-07 9:00,2.5
1555,2022-05-08 9:00,2.526315789
1556,2022-05-09 9:00,2.461538462
1557,2022-05-10 9:00,2.421052632
1558,2022-05-11 9:00,2.59375
1559,2022-05-12 9:00,2.863636364
1560,2022-05-13 9:00,3.153846154
1561,2022-05-14 9:00,2
1562,2022-05-15 9:00,3.16
1563,2022-05-16 9:00,2.842105263
1564,2022-05-17 9:00,3.214285714
1565,2022-05-18 9:00,2.642857143
1566,2022-05-19 9:00,2.684210526
1567,2022-05-20 9:00,1.818181818
1568,2022-05-21 9:00,2.533333333
1569,2022-05-22 9:00,2.875
1570,2022-05-23 9:00,2.866666667
1571,2022-05-24 9:00,2.863636364
1572,2022-05-25 9:00,2.4
1573,2022-05-26 9:00,3.125
1574,2022-05-27 9:00,2.529411765
1575,2022-05-28 9:00,2.75
1576,2022-05-29 9:00,2.931034483
1577,2022-05-30 9:00,3.272727273
1578,2022-05-31 9:00,3.117647059
1579,2022-06-01 9:00,2.714285714
1580,2022-06-02 9:00,2.75862069
1581,2022-06-03 9:00,3.083333333
1582,2022-06-04 9:00,2.733333333
1583,2022-06-05 9:00,2.482758621
1584,2022-06-06 9:00,3
1585,2022-06-07 9:00,3.466666667
1586,2022-06-08 9:00,2.5
1587,2022-06-09 9:00,2.862068966
1588,2022-06-10 9:00,2.882352941
1589,2022-06-11 9:00,2.05
1590,2022-06-12 9:00,2.488372093
1591,2022-06-13 9:00,2.488888889
1592,2022-06-14 9:00,3.081081081
1593,2022-06-15 9:00,2.483870968
1594,2022-06-16 9:00,3.157894737
1595,2022-06-17 9:00,2.3
1596,2022-06-18 9:00,3.166666667
1597,2022-06-19 9:00,2.783783784
1598,2022-06-20 9:00,2.852941176
1599,2022-06-21 9:00,2.736842105
1600,2022-06-22 9:00,2.708333333
1601,2022-06-23 9:00,3.291666667
1602,2022-06-24 9:00,3.066666667
1603,2022-06-25 9:00,2.866666667
1604,2022-06-26 9:00,2.444444444
1605,2022-06-27 9:00,2.625
1606,2022-06-28 9:00,2.4375
1607,2022-06-29 9:00,2.653846154
1608,2022-06-30 9:00,2.448275862
1609,2022-07-01 9:00,3
1610,2022-07-02 9:00,3.833333333
1611,2022-07-03 9:00,3
1612,2022-07-04 9:00,2.76
1613,2022-07-05 9:00,3.157894737
1614,2022-07-06 9:00,2.647058824
1615,2022-07-07 9:00,3.684210526
1616,2022-07-08 9:00,3.285714286
1617,2022-07-09 9:00,3.133333333
1618,2022-07-10 9:00,2.588235294
1619,2022-07-11 9:00,2.818181818
1620,2022-07-12 9:00,3.444444444
1621,2022-07-13 9:00,2.647058824
1622,2022-07-14 9:00,4.076923077
1623,2022-07-15 9:00,3.571428571
1624,2022-07-16 9:00,3.333333333
1625,2022-07-17 9:00,2.75
1626,2022-07-18 9:00,3.05
