0,2018-01-01 9:00,2.888888889
1,2018-01-02 9:00,2.75
2,2018-01-03 9:00,2.6
3,2018-01-04 9:00,3.4
4,2018-01-05 9:00,2.76863313
5,2018-01-06 9:00,2.76863313
6,2018-01-07 9:00,1.857142857
7,2018-01-08 9:00,3
8,2018-01-09 9:00,1.571428571
9,2018-01-10 9:00,2.6
10,2018-01-11 9:00,3
11,2018-01-12 9:00,2.76863313
12,2018-01-13 9:00,2.76863313
13,2018-01-14 9:00,3
14,2018-01-15 9:00,2.545454545
15,2018-01-16 9:00,2.5
16,2018-01-17 9:00,3.083333333
17,2018-01-18 9:00,3
18,2018-01-19 9:00,2.76863313
19,2018-01-20 9:00,0.5
20,2018-01-21 9:00,1
21,2018-01-22 9:00,3.1
22,2018-01-23 9:00,1.75
23,2018-01-24 9:00,3.4
24,2018-01-25 9:00,1.75
25,2018-01-26 9:00,2.76863313
26,2018-01-27 9:00,2.0843165
27,2018-01-28 9:00,1.4
28,2018-01-29 9:00,2.5
29,2018-01-30 9:00,1.875
30,2018-01-31 9:00,2.875
31,2018-02-01 9:00,2.642857143
32,2018-02-02 9:00,2.333333333
33,2018-02-03 9:00,2.333333333
34,2018-02-04 9:00,2.333333333
35,2018-02-05 9:00,2.8
36,2018-02-06 9:00,4.666666667
37,2018-02-07 9:00,3.363636364
38,2018-02-08 9:00,2.333333333
39,2018-02-09 9:00,2.76863313
40,2018-02-10 9:00,2.25
41,2018-02-11 9:00,4.5
42,2018-02-12 9:00,1.833333333
43,2018-02-13 9:00,3.125
44,2018-02-14 9:00,3.166666667
45,2018-02-15 9:00,3.333333333
46,2018-02-16 9:00,2.76863313
47,2018-02-17 9:00,0.5
48,2018-02-18 9:00,1
49,2018-02-19 9:00,3.25
50,2018-02-20 9:00,3.2
51,2018-02-21 9:00,2.4
52,2018-02-22 9:00,2.8
53,2018-02-23 9:00,2.5
54,2018-02-24 9:00,2.15
55,2018-02-25 9:00,1.8
56,2018-02-26 9:00,2.125
57,2018-02-27 9:00,2.857142857
58,2018-02-28 9:00,2
59,2018-03-01 9:00,2.2
60,2018-03-02 9:00,2.76863313
61,2018-03-03 9:00,2.25
62,2018-03-04 9:00,4.5
63,2018-03-05 9:00,2.5
64,2018-03-06 9:00,2.142857143
65,2018-03-07 9:00,3.25
66,2018-03-08 9:00,3
67,2018-03-09 9:00,2.76863313
68,2018-03-10 9:00,1.35
69,2018-03-11 9:00,2.7
70,2018-03-12 9:00,3
71,2018-03-13 9:00,1.8
72,2018-03-14 9:00,3.571428571
73,2018-03-15 9:00,2.75
74,2018-03-16 9:00,3.076923077
75,2018-03-17 9:00,2.971794872
76,2018-03-18 9:00,2.866666667
77,2018-03-19 9:00,2.714285714
78,2018-03-20 9:00,3.307692308
79,2018-03-21 9:00,2.166666667
80,2018-03-22 9:00,3
81,2018-03-23 9:00,4
82,2018-03-24 9:00,2.909090909
83,2018-03-25 9:00,2.811688312
84,2018-03-26 9:00,2.714285714
85,2018-03-27 9:00,3.375
86,2018-03-28 9:00,3.076923077
87,2018-03-29 9:00,2.888888889
88,2018-03-30 9:00,2.76863313
89,2018-03-31 9:00,3.181818182
90,2018-04-01 9:00,3.090909091
91,2018-04-02 9:00,3
92,2018-04-03 9:00,2.5
93,2018-04-04 9:00,2.214285714
94,2018-04-05 9:00,2.615384615
95,2018-04-06 9:00,2.76863313
96,2018-04-07 9:00,3.333333333
97,2018-04-08 9:00,2
98,2018-04-09 9:00,1.9
99,2018-04-10 9:00,2.333333333
100,2018-04-11 9:00,2.5
101,2018-04-12 9:00,3.25
102,2018-04-13 9:00,2
103,2018-04-14 9:00,2.76863313
104,2018-04-15 9:00,3.166666667
105,2018-04-16 9:00,3.033333333
106,2018-04-17 9:00,3.142857143
107,2018-04-18 9:00,2.833333333
108,2018-04-19 9:00,2.764705882
109,2018-04-20 9:00,3
110,2018-04-21 9:00,1
111,2018-04-22 9:00,2.3
112,2018-04-23 9:00,2.857142857
113,2018-04-24 9:00,2.80952381
114,2018-04-25 9:00,2.476190476
115,2018-04-26 9:00,3.25
116,2018-04-27 9:00,1
117,2018-04-28 9:00,5
118,2018-04-29 9:00,2.5
119,2018-04-30 9:00,3
120,2018-05-01 9:00,2.947368421
121,2018-05-02 9:00,3.0625
122,2018-05-03 9:00,2.666666667
123,2018-05-04 9:00,2
124,2018-05-05 9:00,4
125,2018-05-06 9:00,2.380952381
126,2018-05-07 9:00,2.684210526
127,2018-05-08 9:00,2.666666667
128,2018-05-09 9:00,2.6875
129,2018-05-10 9:00,3.235294118
130,2018-05-11 9:00,4.5
131,2018-05-12 9:00,3.6
132,2018-05-13 9:00,3.105263158
133,2018-05-14 9:00,3.076923077
134,2018-05-15 9:00,2.470588235
135,2018-05-16 9:00,2.833333333
136,2018-05-17 9:00,3
137,2018-05-18 9:00,1
138,2018-05-19 9:00,2.76863313
139,2018-05-20 9:00,3
140,2018-05-21 9:00,1.875
141,2018-05-22 9:00,2.5
142,2018-05-23 9:00,2.125
143,2018-05-24 9:00,3.222222222
144,2018-05-25 9:00,1
145,2018-05-26 9:00,5
146,2018-05-27 9:00,1.75
147,2018-05-28 9:00,2.6
148,2018-05-29 9:00,2.2
149,2018-05-30 9:00,2.545454545
150,2018-05-31 9:00,3.444444444
151,2018-06-01 9:00,1
152,2018-06-02 9:00,1.928571429
153,2018-06-03 9:00,2.857142857
154,2018-06-04 9:00,2.642857143
155,2018-06-05 9:00,2.647058824
156,2018-06-06 9:00,3.461538462
157,2018-06-07 9:00,2
158,2018-06-08 9:00,2.76863313
159,2018-06-09 9:00,1
160,2018-06-10 9:00,2.333333333
161,2018-06-11 9:00,2.857142857
162,2018-06-12 9:00,3.45
163,2018-06-13 9:00,2.181818182
164,2018-06-14 9:00,3.222222222
165,2018-06-15 9:00,2.92
166,2018-06-16 9:00,2.746927445
167,2018-06-17 9:00,2.746927445
168,2018-06-18 9:00,2.75
169,2018-06-19 9:00,2.888888889
170,2018-06-20 9:00,3.1
171,2018-06-21 9:00,2.705882353
172,2018-06-22 9:00,1
173,2018-06-23 9:00,3.5
174,2018-06-24 9:00,2.714285714
175,2018-06-25 9:00,3.052631579
176,2018-06-26 9:00,2.695652174
177,2018-06-27 9:00,3.571428571
178,2018-06-28 9:00,2.428571429
179,2018-06-29 9:00,2.76863313
180,2018-06-30 9:00,2.76863313
181,2018-07-01 9:00,2.636363636
182,2018-07-02 9:00,2.416666667
183,2018-07-03 9:00,2.916666667
184,2018-07-04 9:00,2.1875
185,2018-07-05 9:00,2.875
186,2018-07-06 9:00,2.5
187,2018-07-07 9:00,2.675
188,2018-07-08 9:00,2.85
189,2018-07-09 9:00,2.15
190,2018-07-10 9:00,2.777777778
191,2018-07-11 9:00,3.125
192,2018-07-12 9:00,3.230769231
193,2018-07-13 9:00,4.5
194,2018-07-14 9:00,2.76863313
195,2018-07-15 9:00,2.894736842
196,2018-07-16 9:00,2.52173913
197,2018-07-17 9:00,3.133333333
198,2018-07-18 9:00,3.25
199,2018-07-19 9:00,3.5
200,2018-07-20 9:00,2.76863313
201,2018-07-21 9:00,4
202,2018-07-22 9:00,2.769230769
203,2018-07-23 9:00,2.434782609
204,2018-07-24 9:00,3.35
205,2018-07-25 9:00,2.375
206,2018-07-26 9:00,2.611111111
207,2018-07-27 9:00,2.333333333
208,2018-07-28 9:00,3.5
209,2018-07-29 9:00,2.72
210,2018-07-30 9:00,2.454545455
211,2018-07-31 9:00,3.3
212,2018-08-01 9:00,2.090909091
213,2018-08-02 9:00,2.076923077
214,2018-08-03 9:00,4
215,2018-08-04 9:00,2
216,2018-08-05 9:00,2.714285714
217,2018-08-06 9:00,2.3
218,2018-08-07 9:00,2.791666667
219,2018-08-08 9:00,2.75
220,2018-08-09 9:00,2.55
221,2018-08-10 9:00,2.5
222,2018-08-11 9:00,3.666666667
223,2018-08-12 9:00,2.166666667
224,2018-08-13 9:00,2.52
225,2018-08-14 9:00,2.888888889
226,2018-08-15 9:00,3.571428571
227,2018-08-16 9:00,3.071428571
228,2018-08-17 9:00,1.6
229,2018-08-18 9:00,2.76863313
230,2018-08-19 9:00,2.428571429
231,2018-08-20 9:00,2
232,2018-08-21 9:00,2.214285714
233,2018-08-22 9:00,2.470588235
234,2018-08-23 9:00,2.8
235,2018-08-24 9:00,2.76863313
236,2018-08-25 9:00,3
237,2018-08-26 9:00,2.5
238,2018-08-27 9:00,2
239,2018-08-28 9:00,3.25
240,2018-08-29 9:00,3.8
241,2018-08-30 9:00,2.8
242,2018-08-31 9:00,2.76863313
243,2018-09-01 9:00,5
244,2018-09-02 9:00,2.363636364
245,2018-09-03 9:00,1.428571429
246,2018-09-04 9:00,2.392857143
247,2018-09-05 9:00,3
248,2018-09-06 9:00,2.714285714
249,2018-09-07 9:00,2.5
250,2018-09-08 9:00,5
251,2018-09-09 9:00,2.916666667
252,2018-09-10 9:00,2.7
253,2018-09-11 9:00,3.1
254,2018-09-12 9:00,3.636363636
255,2018-09-13 9:00,2.4
256,2018-09-14 9:00,2
257,2018-09-15 9:00,2.5
258,2018-09-16 9:00,3
259,2018-09-17 9:00,3.090909091
260,2018-09-18 9:00,2.785714286
261,2018-09-19 9:00,2.769230769
262,2018-09-20 9:00,3.1875
263,2018-09-21 9:00,3
264,2018-09-22 9:00,2
265,2018-09-23 9:00,2.571428571
266,2018-09-24 9:00,2.833333333
267,2018-09-25 9:00,3.222222222
268,2018-09-26 9:00,2.666666667
269,2018-09-27 9:00,4
270,2018-09-28 9:00,2.76863313
271,2018-09-29 9:00,2.3
272,2018-09-30 9:00,2.55
273,2018-10-01 9:00,2.8
274,2018-10-02 9:00,2
275,2018-10-03 9:00,3.25
276,2018-10-04 9:00,2.545454545
277,2018-10-05 9:00,2.76863313
278,2018-10-06 9:00,2.273205454
279,2018-10-07 9:00,1.777777778
280,2018-10-08 9:00,3.1
281,2018-10-09 9:00,2.5
282,2018-10-10 9:00,2.769230769
283,2018-10-11 9:00,2.4
284,2018-10-12 9:00,2.76863313
285,2018-10-13 9:00,5
286,2018-10-14 9:00,2.80952381
287,2018-10-15 9:00,2.285714286
288,2018-10-16 9:00,3
289,2018-10-17 9:00,2.4
290,2018-10-18 9:00,3.375
291,2018-10-19 9:00,2.76863313
292,2018-10-20 9:00,1.75
293,2018-10-21 9:00,2.925
294,2018-10-22 9:00,4.1
295,2018-10-23 9:00,3.466666667
296,2018-10-24 9:00,1.571428571
297,2018-10-25 9:00,3.625
298,2018-10-26 9:00,2.76863313
299,2018-10-27 9:00,5
300,2018-10-28 9:00,1.928571429
301,2018-10-29 9:00,2.8
302,2018-10-30 9:00,2.933333333
303,2018-10-31 9:00,3
304,2018-11-01 9:00,2.8
305,2018-11-02 9:00,1
306,2018-11-03 9:00,2.76863313
307,2018-11-04 9:00,2.625
308,2018-11-05 9:00,2.285714286
309,2018-11-06 9:00,2.5
310,2018-11-07 9:00,3.6
311,2018-11-08 9:00,2.846153846
312,2018-11-09 9:00,2.555555556
313,2018-11-10 9:00,2.769669
314,2018-11-11 9:00,2.769669
315,2018-11-12 9:00,3.454545455
316,2018-11-13 9:00,2.21875
317,2018-11-14 9:00,2.52
318,2018-11-15 9:00,3.166666667
319,2018-11-16 9:00,2.76863313
320,2018-11-17 9:00,1
321,2018-11-18 9:00,2
322,2018-11-19 9:00,2.6
323,2018-11-20 9:00,3.35
324,2018-11-21 9:00,2.130434783
325,2018-11-22 9:00,1.916666667
326,2018-11-23 9:00,2
327,2018-11-24 9:00,2.375
328,2018-11-25 9:00,2
329,2018-11-26 9:00,3.115384615
330,2018-11-27 9:00,2.48
331,2018-11-28 9:00,2.909090909
332,2018-11-29 9:00,2.666666667
333,2018-11-30 9:00,4.5
334,2018-12-01 9:00,4
335,2018-12-02 9:00,2.956521739
336,2018-12-03 9:00,2.625
337,2018-12-04 9:00,3
338,2018-12-05 9:00,2.230769231
339,2018-12-06 9:00,2.363636364
340,2018-12-07 9:00,3.666666667
341,2018-12-08 9:00,3.25
342,2018-12-09 9:00,1.875
343,2018-12-10 9:00,2.25
344,2018-12-11 9:00,2.8
345,2018-12-12 9:00,3.222222222
346,2018-12-13 9:00,2.769230769
347,2018-12-14 9:00,2.666666667
348,2018-12-15 9:00,5
349,2018-12-16 9:00,2.625
350,2018-12-17 9:00,3.6
351,2018-12-18 9:00,2.384615385
352,2018-12-19 9:00,3.416666667
353,2018-12-20 9:00,2.818181818
354,2018-12-21 9:00,3.25
355,2018-12-22 9:00,3
356,2018-12-23 9:00,2.5625
357,2018-12-24 9:00,1
358,2018-12-25 9:00,2
359,2018-12-26 9:00,2.7
360,2018-12-27 9:00,3.076923077
361,2018-12-28 9:00,2.76863313
362,2018-12-29 9:00,3.884316565
363,2018-12-30 9:00,5
364,2018-12-31 9:00,3
365,2019-01-01 9:00,3.25
366,2019-01-02 9:00,2.857142857
367,2019-01-03 9:00,2
368,2019-01-04 9:00,2.76863313
369,2019-01-05 9:00,3
370,2019-01-06 9:00,2.4
371,2019-01-07 9:00,2
372,2019-01-08 9:00,3.285714286
373,2019-01-09 9:00,2.277777778
374,2019-01-10 9:00,3.25
375,2019-01-11 9:00,1.5
376,2019-01-12 9:00,3
377,2019-01-13 9:00,2.142857143
378,2019-01-14 9:00,3
379,2019-01-15 9:00,3.25
380,2019-01-16 9:00,3
381,2019-01-17 9:00,1.25
382,2019-01-18 9:00,2.76863313
383,2019-01-19 9:00,2.8
384,2019-01-20 9:00,2.733335
385,2019-01-21 9:00,2.666666667
386,2019-01-22 9:00,2.714285714
387,2019-01-23 9:00,2.5
388,2019-01-24 9:00,1.6
389,2019-01-25 9:00,1.5
390,2019-01-26 9:00,2.5
391,2019-01-27 9:00,2
392,2019-01-28 9:00,2.857142857
393,2019-01-29 9:00,2.666666667
394,2019-01-30 9:00,2.875
395,2019-01-31 9:00,2
396,2019-02-01 9:00,2.5
397,2019-02-02 9:00,2.65
398,2019-02-03 9:00,2.8
399,2019-02-04 9:00,4
400,2019-02-05 9:00,3.333333333
401,2019-02-06 9:00,2
402,2019-02-07 9:00,3.25
403,2019-02-08 9:00,1
404,2019-02-09 9:00,2.76863313
405,2019-02-10 9:00,3.5
406,2019-02-11 9:00,2.5
407,2019-02-12 9:00,1
408,2019-02-13 9:00,1
409,2019-02-14 9:00,3.666666667
410,2019-02-15 9:00,5
411,2019-02-16 9:00,3.7857145
412,2019-02-17 9:00,2.571428571
413,2019-02-18 9:00,1
414,2019-02-19 9:00,3.5
415,2019-02-20 9:00,4
416,2019-02-21 9:00,2.76863313
417,2019-02-22 9:00,2.5
418,2019-02-23 9:00,1.5
419,2019-02-24 9:00,3.25
420,2019-02-25 9:00,1.2
421,2019-02-26 9:00,1
422,2019-02-27 9:00,2.76863313
423,2019-02-28 9:00,2.76863313
424,2019-03-01 9:00,2.76863313
425,2019-03-02 9:00,2.8843165
426,2019-03-03 9:00,3
427,2019-03-04 9:00,3.666666667
428,2019-03-05 9:00,2
429,2019-03-06 9:00,2.666666667
430,2019-03-07 9:00,3
431,2019-03-08 9:00,2.857142857
432,2019-03-09 9:00,2.769669
433,2019-03-10 9:00,2.769669
434,2019-03-11 9:00,1.4
435,2019-03-12 9:00,2.666666667
436,2019-03-13 9:00,4
437,2019-03-14 9:00,2.76863313
438,2019-03-15 9:00,3.25
439,2019-03-16 9:00,1
440,2019-03-17 9:00,1.714285714
441,2019-03-18 9:00,3.333333333
442,2019-03-19 9:00,3.153846154
443,2019-03-20 9:00,2.75
444,2019-03-21 9:00,3.4
445,2019-03-22 9:00,3.25
446,2019-03-23 9:00,4.5
447,2019-03-24 9:00,2.833333333
448,2019-03-25 9:00,2.703703704
449,2019-03-26 9:00,2.352941176
450,2019-03-27 9:00,2.631578947
451,2019-03-28 9:00,2.814814815
452,2019-03-29 9:00,2.083333333
453,2019-03-30 9:00,2.454545455
454,2019-03-31 9:00,2.526315789
455,2019-04-01 9:00,3.105263158
456,2019-04-02 9:00,2.538461538
457,2019-04-03 9:00,2.551724138
458,2019-04-04 9:00,3.153846154
459,2019-04-05 9:00,2.833333333
460,2019-04-06 9:00,2.9
461,2019-04-07 9:00,2.545454545
462,2019-04-08 9:00,2.28
463,2019-04-09 9:00,3.166666667
464,2019-04-10 9:00,2.411764706
465,2019-04-11 9:00,2.5
466,2019-04-12 9:00,2.5
467,2019-04-13 9:00,5
468,2019-04-14 9:00,3.428571429
469,2019-04-15 9:00,2.75
470,2019-04-16 9:00,2.4
471,2019-04-17 9:00,2.875
472,2019-04-18 9:00,2.5
473,2019-04-19 9:00,3
474,2019-04-20 9:00,3.25
475,2019-04-21 9:00,4.5
476,2019-04-22 9:00,3
477,2019-04-23 9:00,2.714285714
478,2019-04-24 9:00,2.4
479,2019-04-25 9:00,2.727272727
480,2019-04-26 9:00,3
481,2019-04-27 9:00,1
482,2019-04-28 9:00,1
483,2019-04-29 9:00,4
484,2019-04-30 9:00,1
485,2019-05-01 9:00,3.666666667
486,2019-05-02 9:00,3.153846154
487,2019-05-03 9:00,3
488,2019-05-04 9:00,2.76863313
489,2019-05-05 9:00,1
490,2019-05-06 9:00,3.5
491,2019-05-07 9:00,1.75
492,2019-05-08 9:00,2.166666667
493,2019-05-09 9:00,3
494,2019-05-10 9:00,2.888888889
495,2019-05-11 9:00,3
496,2019-05-12 9:00,2.125
497,2019-05-13 9:00,3.357142857
498,2019-05-14 9:00,3.1875
499,2019-05-15 9:00,1.882352941
500,2019-05-16 9:00,2.888888889
501,2019-05-17 9:00,2.76863313
502,2019-05-18 9:00,3.25
503,2019-05-19 9:00,2.857142857
504,2019-05-20 9:00,1.857142857
505,2019-05-21 9:00,2.875
506,2019-05-22 9:00,1.666666667
507,2019-05-23 9:00,3.333333333
508,2019-05-24 9:00,3
509,2019-05-25 9:00,3.1
510,2019-05-26 9:00,3.2
511,2019-05-27 9:00,2.888888889
512,2019-05-28 9:00,2.833333333
513,2019-05-29 9:00,2.25
514,2019-05-30 9:00,2.888888889
515,2019-05-31 9:00,2.76863313
516,2019-06-01 9:00,2.666666667
517,2019-06-02 9:00,2.433333333
518,2019-06-03 9:00,2.2
519,2019-06-04 9:00,3.166666667
520,2019-06-05 9:00,3.166666667
521,2019-06-06 9:00,2.25
522,2019-06-07 9:00,5
523,2019-06-08 9:00,3.9
524,2019-06-09 9:00,2.8
525,2019-06-10 9:00,2.833333333
526,2019-06-11 9:00,2.833333333
527,2019-06-12 9:00,2.5
528,2019-06-13 9:00,2.714285714
529,2019-06-14 9:00,2.76863313
530,2019-06-15 9:00,2.4843165
531,2019-06-16 9:00,2.2
532,2019-06-17 9:00,2.3
533,2019-06-18 9:00,2
534,2019-06-19 9:00,2.545454545
535,2019-06-20 9:00,2.636363636
536,2019-06-21 9:00,3.25
537,2019-06-22 9:00,1
538,2019-06-23 9:00,2.384615385
539,2019-06-24 9:00,2.888888889
540,2019-06-25 9:00,2.470588235
541,2019-06-26 9:00,1.944444444
542,2019-06-27 9:00,2
543,2019-06-28 9:00,2.76863313
544,2019-06-29 9:00,3.444444444
545,2019-06-30 9:00,3.555555556
546,2019-07-01 9:00,2.933333333
547,2019-07-02 9:00,2.428571429
548,2019-07-03 9:00,2.857142857
549,2019-07-04 9:00,2.9
550,2019-07-05 9:00,3.333333333
551,2019-07-06 9:00,1
552,2019-07-07 9:00,2.75
553,2019-07-08 9:00,2
554,2019-07-09 9:00,1.933333333
555,2019-07-10 9:00,2.238095238
556,2019-07-11 9:00,2.333333333
557,2019-07-12 9:00,1
558,2019-07-13 9:00,2.125
559,2019-07-14 9:00,2.181818182
560,2019-07-15 9:00,2.25
561,2019-07-16 9:00,3.133333333
562,2019-07-17 9:00,2.611111111
563,2019-07-18 9:00,2.75
564,2019-07-19 9:00,2.8
565,2019-07-20 9:00,1
566,2019-07-21 9:00,2.166666667
567,2019-07-22 9:00,2.888888889
568,2019-07-23 9:00,3.071428571
569,2019-07-24 9:00,2.7
570,2019-07-25 9:00,3.272727273
571,2019-07-26 9:00,4
572,2019-07-27 9:00,1.25
573,2019-07-28 9:00,3
574,2019-07-29 9:00,2.625
575,2019-07-30 9:00,2.846153846
576,2019-07-31 9:00,3.083333333
577,2019-08-01 9:00,2.866666667
578,2019-08-02 9:00,2.055555556
579,2019-08-03 9:00,2.769669
580,2019-08-04 9:00,2.769669
581,2019-08-05 9:00,2.333333333
582,2019-08-06 9:00,2.5
583,2019-08-07 9:00,3.6
584,2019-08-08 9:00,1.916666667
585,2019-08-09 9:00,2
586,2019-08-10 9:00,4
587,2019-08-11 9:00,3.222222222
588,2019-08-12 9:00,2.307692308
589,2019-08-13 9:00,1.727272727
590,2019-08-14 9:00,2.866666667
591,2019-08-15 9:00,2.727272727
592,2019-08-16 9:00,1
593,2019-08-17 9:00,3
594,2019-08-18 9:00,3.555555556
595,2019-08-19 9:00,3
596,2019-08-20 9:00,2.538461538
597,2019-08-21 9:00,2.909090909
598,2019-08-22 9:00,2.882352941
599,2019-08-23 9:00,2.6
600,2019-08-24 9:00,2.5
601,2019-08-25 9:00,2.166666667
602,2019-08-26 9:00,2.166666667
603,2019-08-27 9:00,2.416666667
604,2019-08-28 9:00,2.25
605,2019-08-29 9:00,2.2
606,2019-08-30 9:00,5
607,2019-08-31 9:00,2.5
608,2019-09-01 9:00,2.363636364
609,2019-09-02 9:00,2.909090909
610,2019-09-03 9:00,2.454545455
611,2019-09-04 9:00,3.285714286
612,2019-09-05 9:00,2.666666667
613,2019-09-06 9:00,4
614,2019-09-07 9:00,1
615,2019-09-08 9:00,1.666666667
616,2019-09-09 9:00,2.7
617,2019-09-10 9:00,3.363636364
618,2019-09-11 9:00,1.9
619,2019-09-12 9:00,2.285714286
620,2019-09-13 9:00,1
621,2019-09-14 9:00,1
622,2019-09-15 9:00,2.916666667
623,2019-09-16 9:00,3.181818182
624,2019-09-17 9:00,2.625
625,2019-09-18 9:00,3.230769231
626,2019-09-19 9:00,4.285714286
627,2019-09-20 9:00,2.76863313
628,2019-09-21 9:00,2.4
629,2019-09-22 9:00,2.538461538
630,2019-09-23 9:00,1.8
631,2019-09-24 9:00,2.1
632,2019-09-25 9:00,2.333333333
633,2019-09-26 9:00,2.5
634,2019-09-27 9:00,2.6
635,2019-09-28 9:00,1
636,2019-09-29 9:00,3.571428571
637,2019-09-30 9:00,2.777777778
638,2019-10-01 9:00,3.375
639,2019-10-02 9:00,2.888888889
640,2019-10-03 9:00,2.375
641,2019-10-04 9:00,3
642,2019-10-05 9:00,1.25
643,2019-10-06 9:00,3.777777778
644,2019-10-07 9:00,2.6
645,2019-10-08 9:00,3
646,2019-10-09 9:00,2.666666667
647,2019-10-10 9:00,3.285714286
648,2019-10-11 9:00,5
649,2019-10-12 9:00,2.76863313
650,2019-10-13 9:00,3.333333333
651,2019-10-14 9:00,2.666666667
652,2019-10-15 9:00,2.307692308
653,2019-10-16 9:00,3.25
654,2019-10-17 9:00,3
655,2019-10-18 9:00,1
656,2019-10-19 9:00,3.333333333
657,2019-10-20 9:00,2.888888889
658,2019-10-21 9:00,2.6
659,2019-10-22 9:00,3.066666667
660,2019-10-23 9:00,3.222222222
661,2019-10-24 9:00,3.473684211
662,2019-10-25 9:00,3.111111111
663,2019-10-26 9:00,2
664,2019-10-27 9:00,2.5
665,2019-10-28 9:00,3
666,2019-10-29 9:00,3.857142857
667,2019-10-30 9:00,3
668,2019-10-31 9:00,3.1
669,2019-11-01 9:00,2.333333333
670,2019-11-02 9:00,3
671,2019-11-03 9:00,3
672,2019-11-04 9:00,2.875
673,2019-11-05 9:00,2.615384615
674,2019-11-06 9:00,3.272727273
675,2019-11-07 9:00,2.6
676,2019-11-08 9:00,3
677,2019-11-09 9:00,2.5
678,2019-11-10 9:00,3.111111111
679,2019-11-11 9:00,1.857142857
680,2019-11-12 9:00,3.4
681,2019-11-13 9:00,2.75
682,2019-11-14 9:00,2.625
683,2019-11-15 9:00,5
684,2019-11-16 9:00,3.8
685,2019-11-17 9:00,2.1
686,2019-11-18 9:00,3.083333333
687,2019-11-19 9:00,2.538461538
688,2019-11-20 9:00,2.3
689,2019-11-21 9:00,2.56
690,2019-11-22 9:00,2.5
691,2019-11-23 9:00,1.8
692,2019-11-24 9:00,3.923076923
693,2019-11-25 9:00,2
694,2019-11-26 9:00,3.428571429
695,2019-11-27 9:00,3.2
696,2019-11-28 9:00,3.833333333
697,2019-11-29 9:00,3.333333333
698,2019-11-30 9:00,3
699,2019-12-01 9:00,3.166666667
700,2019-12-02 9:00,3.428571429
701,2019-12-03 9:00,3.5
702,2019-12-04 9:00,2
703,2019-12-05 9:00,2.5
704,2019-12-06 9:00,5
705,2019-12-07 9:00,3.833333333
706,2019-12-08 9:00,2.666666667
707,2019-12-09 9:00,3.666666667
708,2019-12-10 9:00,2.857142857
709,2019-12-11 9:00,3.5
710,2019-12-12 9:00,3
711,2019-12-13 9:00,1
712,2019-12-14 9:00,3
713,2019-12-15 9:00,2.818181818
714,2019-12-16 9:00,1.777777778
715,2019-12-17 9:00,2.461538462
716,2019-12-18 9:00,3.25
717,2019-12-19 9:00,3.272727273
718,2019-12-20 9:00,2.5
719,2019-12-21 9:00,5.268633
720,2019-12-22 9:00,2.76863313
721,2019-12-23 9:00,3.8
722,2019-12-24 9:00,2.4
723,2019-12-25 9:00,3.333333333
724,2019-12-26 9:00,1.666666667
725,2019-12-27 9:00,2.76863313
726,2019-12-28 9:00,4
727,2019-12-29 9:00,1.6
728,2019-12-30 9:00,3
729,2019-12-31 9:00,2.76863313
730,2020-01-01 9:00,4.333333333
731,2020-01-02 9:00,3.333333333
732,2020-01-03 9:00,3.666666667
733,2020-01-04 9:00,3.333333333
734,2020-01-05 9:00,3
735,2020-01-06 9:00,2.333333333
736,2020-01-07 9:00,2.75
737,2020-01-08 9:00,4
738,2020-01-09 9:00,3
739,2020-01-10 9:00,3.5
740,2020-01-11 9:00,4
741,2020-01-12 9:00,3.8
742,2020-01-13 9:00,3
743,2020-01-14 9:00,2.666666667
744,2020-01-15 9:00,3
745,2020-01-16 9:00,3.875
746,2020-01-17 9:00,2.4
747,2020-01-18 9:00,3
748,2020-01-19 9:00,3.333333333
749,2020-01-20 9:00,2.5
750,2020-01-21 9:00,2
751,2020-01-22 9:00,3.625
752,2020-01-23 9:00,2.4
753,2020-01-24 9:00,3.666666667
754,2020-01-25 9:00,2
755,2020-01-26 9:00,2.363636364
756,2020-01-27 9:00,2.909090909
757,2020-01-28 9:00,2.666666667
758,2020-01-29 9:00,2
759,2020-01-30 9:00,2.8
760,2020-01-31 9:00,3.142857143
761,2020-02-01 9:00,1.666666667
762,2020-02-02 9:00,3.6
763,2020-02-03 9:00,2.75
764,2020-02-04 9:00,2.888888889
765,2020-02-05 9:00,2
766,2020-02-06 9:00,2.4
767,2020-02-07 9:00,3
768,2020-02-08 9:00,2.2
769,2020-02-09 9:00,2.428571429
770,2020-02-10 9:00,2.25
771,2020-02-11 9:00,3.666666667
772,2020-02-12 9:00,1.625
773,2020-02-13 9:00,3.833333333
774,2020-02-14 9:00,1.428571429
775,2020-02-15 9:00,2.4375
776,2020-02-16 9:00,2.666666667
777,2020-02-17 9:00,2.142857143
778,2020-02-18 9:00,2
779,2020-02-19 9:00,2.857142857
780,2020-02-20 9:00,1.833333333
781,2020-02-21 9:00,4
782,2020-02-22 9:00,1.75
783,2020-02-23 9:00,2.25
784,2020-02-24 9:00,2.083333333
785,2020-02-25 9:00,2.461538462
786,2020-02-26 9:00,2.2
787,2020-02-27 9:00,2.75
788,2020-02-28 9:00,2
789,2020-02-29 9:00,2.125
790,2020-03-01 9:00,2.428571429
791,2020-03-02 9:00,1.142857143
792,2020-03-03 9:00,2.357142857
793,2020-03-04 9:00,1.5
794,2020-03-05 9:00,2.5
795,2020-03-06 9:00,1.714285714
796,2020-03-07 9:00,2.473684211
797,2020-03-08 9:00,2.222222222
798,2020-03-09 9:00,2.857142857
799,2020-03-10 9:00,2.214285714
800,2020-03-11 9:00,2.023809524
801,2020-03-12 9:00,2.19047619
802,2020-03-13 9:00,2.631578947
803,2020-03-14 9:00,3.142857143
804,2020-03-15 9:00,2.666666667
805,2020-03-16 9:00,2.947368421
806,2020-03-17 9:00,2.9
807,2020-03-18 9:00,2.423076923
808,2020-03-19 9:00,2.375
809,2020-03-20 9:00,3
810,2020-03-21 9:00,2.6
811,2020-03-22 9:00,2.888888889
812,2020-03-23 9:00,2.5
813,2020-03-24 9:00,2.764705882
814,2020-03-25 9:00,2.428571429
815,2020-03-26 9:00,2.909090909
816,2020-03-27 9:00,2.375
817,2020-03-28 9:00,2.9375
818,2020-03-29 9:00,2.583333333
819,2020-03-30 9:00,2.555555556
820,2020-03-31 9:00,2.642857143
821,2020-04-01 9:00,2.529411765
822,2020-04-02 9:00,2.684210526
823,2020-04-03 9:00,2.578947368
824,2020-04-04 9:00,2.529411765
825,2020-04-05 9:00,2
826,2020-04-06 9:00,2.333333333
827,2020-04-07 9:00,2.375
828,2020-04-08 9:00,1.888888889
829,2020-04-09 9:00,2.692307692
830,2020-04-10 9:00,2.166666667
831,2020-04-11 9:00,2.363636364
832,2020-04-12 9:00,2.166666667
833,2020-04-13 9:00,3.333333333
834,2020-04-14 9:00,3
835,2020-04-15 9:00,2.88431665
836,2020-04-16 9:00,2.76863313
837,2020-04-17 9:00,2.769669
838,2020-04-18 9:00,2.76863313
839,2020-04-19 9:00,2.769669
840,2020-04-20 9:00,2.769669
841,2020-04-21 9:00,2.76863313
842,2020-04-22 9:00,2.769669
843,2020-04-23 9:00,2.76863313
844,2020-04-24 9:00,2.769669
845,2020-04-25 9:00,2.769669
846,2020-04-26 9:00,2.76863313
847,2020-04-27 9:00,2.76863313
848,2020-04-28 9:00,1.75
849,2020-04-29 9:00,5
850,2020-04-30 9:00,2.76863313
851,2020-05-01 9:00,2.769669
852,2020-05-02 9:00,2.769669
853,2020-05-03 9:00,2.76863313
854,2020-05-04 9:00,1
855,2020-05-05 9:00,2.769669
856,2020-05-06 9:00,2.769669
857,2020-05-07 9:00,3
858,2020-05-08 9:00,2.666666667
859,2020-05-09 9:00,1
860,2020-05-10 9:00,2
861,2020-05-11 9:00,3
862,2020-05-12 9:00,2.769669
863,2020-05-13 9:00,2.769669
864,2020-05-14 9:00,3.1
865,2020-05-15 9:00,3
866,2020-05-16 9:00,2.833333333
867,2020-05-17 9:00,2.75
868,2020-05-18 9:00,2.4
869,2020-05-19 9:00,2.4
870,2020-05-20 9:00,3.333333333
871,2020-05-21 9:00,3.071428571
872,2020-05-22 9:00,1.8
873,2020-05-23 9:00,3
874,2020-05-24 9:00,2.75862069
875,2020-05-25 9:00,2.65625
876,2020-05-26 9:00,2.608695652
877,2020-05-27 9:00,2.25
878,2020-05-28 9:00,2.818181818
879,2020-05-29 9:00,2.666666667
880,2020-05-30 9:00,2.631578947
881,2020-05-31 9:00,2.303030303
882,2020-06-01 9:00,3.272727273
883,2020-06-02 9:00,2.4
884,2020-06-03 9:00,2.7
885,2020-06-04 9:00,3.777777778
886,2020-06-05 9:00,2.833333333
887,2020-06-06 9:00,2.277777778
888,2020-06-07 9:00,2.5
889,2020-06-08 9:00,2.833333333
890,2020-06-09 9:00,3
891,2020-06-10 9:00,2.833333333
892,2020-06-11 9:00,2.769230769
893,2020-06-12 9:00,2.411764706
894,2020-06-13 9:00,2.307692308
895,2020-06-14 9:00,3.454545455
896,2020-06-15 9:00,2.8
897,2020-06-16 9:00,3
898,2020-06-17 9:00,2.111111111
899,2020-06-18 9:00,3
900,2020-06-19 9:00,2.1875
901,2020-06-20 9:00,2.933333333
902,2020-06-21 9:00,2.866666667
903,2020-06-22 9:00,3.25
904,2020-06-23 9:00,1.333333333
905,2020-06-24 9:00,2.6
906,2020-06-25 9:00,3
907,2020-06-26 9:00,2.714285714
908,2020-06-27 9:00,3.125
909,2020-06-28 9:00,2.125
910,2020-06-29 9:00,2.923076923
911,2020-06-30 9:00,3.153846154
912,2020-07-01 9:00,3.3125
913,2020-07-02 9:00,2.9
914,2020-07-03 9:00,3.181818182
915,2020-07-04 9:00,3.375
916,2020-07-05 9:00,3.5
917,2020-07-06 9:00,3.5
918,2020-07-07 9:00,2.666666667
919,2020-07-08 9:00,2.625
920,2020-07-09 9:00,4.142857143
921,2020-07-10 9:00,2.923076923
922,2020-07-11 9:00,2.666666667
923,2020-07-12 9:00,2.384615385
924,2020-07-13 9:00,3.6
925,2020-07-14 9:00,3.083333333
926,2020-07-15 9:00,2.571428571
927,2020-07-16 9:00,2.555555556
928,2020-07-17 9:00,2.583333333
929,2020-07-18 9:00,2.384615385
930,2020-07-19 9:00,2.705882353
931,2020-07-20 9:00,2.727272727
932,2020-07-21 9:00,2.454545455
933,2020-07-22 9:00,2.444444444
934,2020-07-23 9:00,1.4
935,2020-07-24 9:00,2.833333333
936,2020-07-25 9:00,3
937,2020-07-26 9:00,2.9375
938,2020-07-27 9:00,2.4
939,2020-07-28 9:00,3.333333333
940,2020-07-29 9:00,2.230769231
941,2020-07-30 9:00,1.666666667
942,2020-07-31 9:00,2.3
943,2020-08-01 9:00,2.65
944,2020-08-02 9:00,2.352941176
945,2020-08-03 9:00,1.428571429
946,2020-08-04 9:00,3.888888889
947,2020-08-05 9:00,3.3125
948,2020-08-06 9:00,2.444444444
949,2020-08-07 9:00,2.083333333
950,2020-08-08 9:00,2.7
951,2020-08-09 9:00,2.461538462
952,2020-08-10 9:00,2.421052632
953,2020-08-11 9:00,2.727272727
954,2020-08-12 9:00,2.636363636
955,2020-08-13 9:00,3.4
956,2020-08-14 9:00,2.941176471
957,2020-08-15 9:00,2.916666667
958,2020-08-16 9:00,3.6
959,2020-08-17 9:00,2
960,2020-08-18 9:00,3.272727273
961,2020-08-19 9:00,2
962,2020-08-20 9:00,2.6
963,2020-08-21 9:00,2.8
964,2020-08-22 9:00,2.555555556
965,2020-08-23 9:00,3.363636364
966,2020-08-24 9:00,2.416666667
967,2020-08-25 9:00,2
968,2020-08-26 9:00,3.3
969,2020-08-27 9:00,2.5
970,2020-08-28 9:00,3
971,2020-08-29 9:00,2.454545455
972,2020-08-30 9:00,2.722222222
973,2020-08-31 9:00,2.545454545
974,2020-09-01 9:00,2.263157895
975,2020-09-02 9:00,2.210526316
976,2020-09-03 9:00,2.6
977,2020-09-04 9:00,2.416666667
978,2020-09-05 9:00,3.125
979,2020-09-06 9:00,2.888888889
980,2020-09-07 9:00,2.769230769
981,2020-09-08 9:00,2.416666667
982,2020-09-09 9:00,3.285714286
983,2020-09-10 9:00,2.333333333
984,2020-09-11 9:00,2.357142857
985,2020-09-12 9:00,2.875
986,2020-09-13 9:00,2.307692308
987,2020-09-14 9:00,2.625
988,2020-09-15 9:00,2.6
989,2020-09-16 9:00,2.8
990,2020-09-17 9:00,2.8
991,2020-09-18 9:00,2.888888889
992,2020-09-19 9:00,2.7
993,2020-09-20 9:00,2.733333333
994,2020-09-21 9:00,2.545454545
995,2020-09-22 9:00,2
996,2020-09-23 9:00,3
997,2020-09-24 9:00,2.888888889
998,2020-09-25 9:00,3.5
999,2020-09-26 9:00,4.125
1000,2020-09-27 9:00,3.307692308
1001,2020-09-28 9:00,2.272727273
1002,2020-09-29 9:00,2.625
1003,2020-09-30 9:00,2.166666667
1004,2020-10-01 9:00,2.833333333
1005,2020-10-02 9:00,3
1006,2020-10-03 9:00,2.888888889
1007,2020-10-04 9:00,3.25
1008,2020-10-05 9:00,2.181818182
1009,2020-10-06 9:00,1.909090909
1010,2020-10-07 9:00,2.285714286
1011,2020-10-08 9:00,2.615384615
1012,2020-10-09 9:00,3.571428571
1013,2020-10-10 9:00,2.846153846
1014,2020-10-11 9:00,3
1015,2020-10-12 9:00,2.818181818
1016,2020-10-13 9:00,2.25
1017,2020-10-14 9:00,2.75
1018,2020-10-15 9:00,1.75
1019,2020-10-16 9:00,2.545454545
1020,2020-10-17 9:00,2.705882353
1021,2020-10-18 9:00,3.263157895
1022,2020-10-19 9:00,2.181818182
1023,2020-10-20 9:00,1.833333333
1024,2020-10-21 9:00,3.111111111
1025,2020-10-22 9:00,2.769230769
1026,2020-10-23 9:00,2.363636364
1027,2020-10-24 9:00,1.625
1028,2020-10-25 9:00,2.846153846
1029,2020-10-26 9:00,2.894736842
1030,2020-10-27 9:00,2.333333333
1031,2020-10-28 9:00,3
1032,2020-10-29 9:00,2.764705882
1033,2020-10-30 9:00,3.055555556
1034,2020-10-31 9:00,2.866666667
1035,2020-11-01 9:00,3.05
1036,2020-11-02 9:00,2.384615385
1037,2020-11-03 9:00,2.428571429
1038,2020-11-04 9:00,3.043478261
1039,2020-11-05 9:00,2.529411765
1040,2020-11-06 9:00,2.909090909
1041,2020-11-07 9:00,2.923076923
1042,2020-11-08 9:00,3.117647059
1043,2020-11-09 9:00,3.055555556
1044,2020-11-10 9:00,1.818181818
1045,2020-11-11 9:00,2.733333333
1046,2020-11-12 9:00,2.722222222
1047,2020-11-13 9:00,3
1048,2020-11-14 9:00,3.133333333
1049,2020-11-15 9:00,2.842105263
1050,2020-11-16 9:00,2.333333333
1051,2020-11-17 9:00,3.285714286
1052,2020-11-18 9:00,2.785714286
1053,2020-11-19 9:00,3.72
1054,2020-11-20 9:00,3.057142857
1055,2020-11-21 9:00,2.631578947
1056,2020-11-22 9:00,3.35483871
1057,2020-11-23 9:00,2.965517241
1058,2020-11-24 9:00,2.380952381
1059,2020-11-25 9:00,2.326530612
1060,2020-11-26 9:00,2.896551724
1061,2020-11-27 9:00,2.766666667
1062,2020-11-28 9:00,2.913043478
1063,2020-11-29 9:00,3.047619048
1064,2020-11-30 9:00,2.615384615
1065,2020-12-01 9:00,2.833333333
1066,2020-12-02 9:00,2.625
1067,2020-12-03 9:00,2.666666667
1068,2020-12-04 9:00,2.75
1069,2020-12-05 9:00,2.75
1070,2020-12-06 9:00,2.631578947
1071,2020-12-07 9:00,2.5
1072,2020-12-08 9:00,3.473684211
1073,2020-12-09 9:00,2.545454545
1074,2020-12-10 9:00,3.538461538
1075,2020-12-11 9:00,3.071428571
1076,2020-12-12 9:00,3.117647059
1077,2020-12-13 9:00,2.611111111
1078,2020-12-14 9:00,2.555555556
1079,2020-12-15 9:00,3.28
1080,2020-12-16 9:00,2.869565217
1081,2020-12-17 9:00,2.533333333
1082,2020-12-18 9:00,2.590909091
1083,2020-12-19 9:00,2.764705882
1084,2020-12-20 9:00,2.36
1085,2020-12-21 9:00,2.535714286
1086,2020-12-22 9:00,2.409090909
1087,2020-12-23 9:00,3.24137931
1088,2020-12-24 9:00,2.666666667
1089,2020-12-25 9:00,3.208333333
1090,2020-12-26 9:00,3.206896552
1091,2020-12-27 9:00,3.173913043
1092,2020-12-28 9:00,2.416666667
1093,2020-12-29 9:00,3.4
1094,2020-12-30 9:00,2.826086957
1095,2020-12-31 9:00,2.8
1096,2021-01-01 9:00,3.4
1097,2021-01-02 9:00,3.172413793
1098,2021-01-03 9:00,2.794871795
1099,2021-01-04 9:00,3.020833333
1100,2021-01-05 9:00,3.083333333
1101,2021-01-06 9:00,2.454545455
1102,2021-01-07 9:00,2.451612903
1103,2021-01-08 9:00,2.925925926
1104,2021-01-09 9:00,2.05
1105,2021-01-10 9:00,2.309090909
1106,2021-01-11 9:00,2.612903226
1107,2021-01-12 9:00,2.942857143
1108,2021-01-13 9:00,2.666666667
1109,2021-01-14 9:00,2.115384615
1110,2021-01-15 9:00,2.388888889
1111,2021-01-16 9:00,2.65
1112,2021-01-17 9:00,2.9
1113,2021-01-18 9:00,2.826086957
1114,2021-01-19 9:00,2.777777778
1115,2021-01-20 9:00,2.259259259
1116,2021-01-21 9:00,3.142857143
1117,2021-01-22 9:00,3.181818182
1118,2021-01-23 9:00,3.136363636
1119,2021-01-24 9:00,3.185185185
1120,2021-01-25 9:00,2.4375
1121,2021-01-26 9:00,3.045454545
1122,2021-01-27 9:00,3.368421053
1123,2021-01-28 9:00,2.619047619
1124,2021-01-29 9:00,2.523809524
1125,2021-01-30 9:00,2.583333333
1126,2021-01-31 9:00,2.590909091
1127,2021-02-01 9:00,2.461538462
1128,2021-02-02 9:00,2.55
1129,2021-02-03 9:00,2.823529412
1130,2021-02-04 9:00,3.111111111
1131,2021-02-05 9:00,2.352941176
1132,2021-02-06 9:00,2.615384615
1133,2021-02-07 9:00,3.181818182
1134,2021-02-08 9:00,2.96969697
1135,2021-02-09 9:00,2.464285714
1136,2021-02-10 9:00,3.2
1137,2021-02-11 9:00,2.903225806
1138,2021-02-12 9:00,3.153846154
1139,2021-02-13 9:00,2.84
1140,2021-02-14 9:00,2.92
1141,2021-02-15 9:00,2.827586207
1142,2021-02-16 9:00,2.931034483
1143,2021-02-17 9:00,3.222222222
1144,2021-02-18 9:00,3
1145,2021-02-19 9:00,2.826086957
1146,2021-02-20 9:00,3.125
1147,2021-02-21 9:00,2.239130435
1148,2021-02-22 9:00,2.913043478
1149,2021-02-23 9:00,2.815789474
1150,2021-02-24 9:00,2.516129032
1151,2021-02-25 9:00,3.121212121
1152,2021-02-26 9:00,2.75
1153,2021-02-27 9:00,2.714285714
1154,2021-02-28 9:00,3.322580645
1155,2021-03-01 9:00,3.08
1156,2021-03-02 9:00,3.25
1157,2021-03-03 9:00,2.611111111
1158,2021-03-04 9:00,3.391304348
1159,2021-03-05 9:00,2.230769231
1160,2021-03-06 9:00,2.642857143
1161,2021-03-07 9:00,3.235294118
1162,2021-03-08 9:00,3.08
1163,2021-03-09 9:00,3.129032258
1164,2021-03-10 9:00,2.222222222
1165,2021-03-11 9:00,2.592592593
1166,2021-03-12 9:00,2.863636364
1167,2021-03-13 9:00,2.666666667
1168,2021-03-14 9:00,2.833333333
1169,2021-03-15 9:00,2.4375
1170,2021-03-16 9:00,2.285714286
1171,2021-03-17 9:00,2.607142857
1172,2021-03-18 9:00,3.157894737
1173,2021-03-19 9:00,2.8
1174,2021-03-20 9:00,3.142857143
1175,2021-03-21 9:00,2.5
1176,2021-03-22 9:00,3.095238095
1177,2021-03-23 9:00,2.470588235
1178,2021-03-24 9:00,2.558823529
1179,2021-03-25 9:00,3
1180,2021-03-26 9:00,2.842105263
1181,2021-03-27 9:00,2.782608696
1182,2021-03-28 9:00,2.766666667
1183,2021-03-29 9:00,3.227272727
1184,2021-03-30 9:00,3.35
1185,2021-03-31 9:00,2.875
1186,2021-04-01 9:00,2.954545455
1187,2021-04-02 9:00,2.666666667
1188,2021-04-03 9:00,2.8
1189,2021-04-04 9:00,3.34375
1190,2021-04-05 9:00,2.689655172
1191,2021-04-06 9:00,2
1192,2021-04-07 9:00,2.62962963
1193,2021-04-08 9:00,2.833333333
1194,2021-04-09 9:00,2.904761905
1195,2021-04-10 9:00,3
1196,2021-04-11 9:00,3.111111111
1197,2021-04-12 9:00,3.486486486
1198,2021-04-13 9:00,2.794117647
1199,2021-04-14 9:00,3.028571429
1200,2021-04-15 9:00,2.933333333
1201,2021-04-16 9:00,2.214285714
1202,2021-04-17 9:00,2.772727273
1203,2021-04-18 9:00,2.71875
1204,2021-04-19 9:00,3.03030303
1205,2021-04-20 9:00,2.636363636
1206,2021-04-21 9:00,2.375
1207,2021-04-22 9:00,2.925925926
1208,2021-04-23 9:00,2.866666667
1209,2021-04-24 9:00,2.888888889
1210,2021-04-25 9:00,2.862068966
1211,2021-04-26 9:00,3.095238095
1212,2021-04-27 9:00,3.076923077
1213,2021-04-28 9:00,3.139534884
1214,2021-04-29 9:00,2.739130435
1215,2021-04-30 9:00,3
1216,2021-05-01 9:00,2.705882353
1217,2021-05-02 9:00,3.096774194
1218,2021-05-03 9:00,3.275862069
1219,2021-05-04 9:00,2.696969697
1220,2021-05-05 9:00,2.806451613
1221,2021-05-06 9:00,2.923076923
1222,2021-05-07 9:00,4.166666667
1223,2021-05-08 9:00,3.647058824
1224,2021-05-09 9:00,2.428571429
1225,2021-05-10 9:00,2.78125
1226,2021-05-11 9:00,2.482758621
1227,2021-05-12 9:00,2.977272727
1228,2021-05-13 9:00,3.176470588
1229,2021-05-14 9:00,2.56
1230,2021-05-15 9:00,2.482758621
1231,2021-05-16 9:00,2.763157895
1232,2021-05-17 9:00,2.419354839
1233,2021-05-18 9:00,2.406779661
1234,2021-05-19 9:00,2.722222222
1235,2021-05-20 9:00,2.6
1236,2021-05-21 9:00,2.642857143
1237,2021-05-22 9:00,1.966666667
1238,2021-05-23 9:00,3
1239,2021-05-24 9:00,3.153846154
1240,2021-05-25 9:00,3.095238095
1241,2021-05-26 9:00,2.516129032
1242,2021-05-27 9:00,2.481481481
1243,2021-05-28 9:00,2.185185185
1244,2021-05-29 9:00,2.736842105
1245,2021-05-30 9:00,2.676470588
1246,2021-05-31 9:00,2.962962963
1247,2021-06-01 9:00,2.882352941
1248,2021-06-02 9:00,2.769230769
1249,2021-06-03 9:00,3.352941176
1250,2021-06-04 9:00,3.28
1251,2021-06-05 9:00,3.235294118
1252,2021-06-06 9:00,2.625
1253,2021-06-07 9:00,2.428571429
1254,2021-06-08 9:00,3.365384615
1255,2021-06-09 9:00,2.636363636
1256,2021-06-10 9:00,2.730769231
1257,2021-06-11 9:00,2.6
1258,2021-06-12 9:00,2.576923077
1259,2021-06-13 9:00,3.260869565
1260,2021-06-14 9:00,2.464285714
1261,2021-06-15 9:00,2.466666667
1262,2021-06-16 9:00,3.060606061
1263,2021-06-17 9:00,3.2
1264,2021-06-18 9:00,3.136363636
1265,2021-06-19 9:00,2.88
1266,2021-06-20 9:00,2.770833333
1267,2021-06-21 9:00,2.976190476
1268,2021-06-22 9:00,2.857142857
1269,2021-06-23 9:00,2.703703704
1270,2021-06-24 9:00,2.419354839
1271,2021-06-25 9:00,2.761904762
1272,2021-06-26 9:00,3
1273,2021-06-27 9:00,3.029411765
1274,2021-06-28 9:00,3.060606061
1275,2021-06-29 9:00,3.081081081
1276,2021-06-30 9:00,2.739130435
1277,2021-07-01 9:00,2.45
1278,2021-07-02 9:00,2.590909091
1279,2021-07-03 9:00,2.95
1280,2021-07-04 9:00,2.684210526
1281,2021-07-05 9:00,2.692307692
1282,2021-07-06 9:00,2.8125
1283,2021-07-07 9:00,2.76
1284,2021-07-08 9:00,2.966666667
1285,2021-07-09 9:00,2.586206897
1286,2021-07-10 9:00,3.181818182
1287,2021-07-11 9:00,2.695652174
1288,2021-07-12 9:00,2.545454545
1289,2021-07-13 9:00,2.333333333
1290,2021-07-14 9:00,2.578947368
1291,2021-07-15 9:00,2.92
1292,2021-07-16 9:00,2.8
1293,2021-07-17 9:00,3.047619048
1294,2021-07-18 9:00,2.48
1295,2021-07-19 9:00,3.157894737
1296,2021-07-20 9:00,2.875
1297,2021-07-21 9:00,2.6875
1298,2021-07-22 9:00,3.222222222
1299,2021-07-23 9:00,2.222222222
1300,2021-07-24 9:00,2.823529412
1301,2021-07-25 9:00,2.743589744
1302,2021-07-26 9:00,3.035714286
1303,2021-07-27 9:00,2.8125
1304,2021-07-28 9:00,3.235294118
1305,2021-07-29 9:00,2.727272727
1306,2021-07-30 9:00,3.285714286
1307,2021-07-31 9:00,3.375
1308,2021-08-01 9:00,2.466666667
1309,2021-08-02 9:00,3.464285714
1310,2021-08-03 9:00,3.615384615
1311,2021-08-04 9:00,3.181818182
1312,2021-08-05 9:00,3.333333333
1313,2021-08-06 9:00,3.125
1314,2021-08-07 9:00,3.176470588
1315,2021-08-08 9:00,3.125
1316,2021-08-09 9:00,3.071428571
1317,2021-08-10 9:00,3.275862069
1318,2021-08-11 9:00,3.15
1319,2021-08-12 9:00,2.8
1320,2021-08-13 9:00,2.5
1321,2021-08-14 9:00,2.428571429
1322,2021-08-15 9:00,2.888888889
1323,2021-08-16 9:00,2.666666667
1324,2021-08-17 9:00,2.75
1325,2021-08-18 9:00,2.318181818
1326,2021-08-19 9:00,3.166666667
1327,2021-08-20 9:00,3
1328,2021-08-21 9:00,3.095238095
1329,2021-08-22 9:00,2.6875
1330,2021-08-23 9:00,2.681818182
1331,2021-08-24 9:00,2.346153846
1332,2021-08-25 9:00,2.966666667
1333,2021-08-26 9:00,3.826086957
1334,2021-08-27 9:00,3.470588235
1335,2021-08-28 9:00,3.214285714
1336,2021-08-29 9:00,3.047619048
1337,2021-08-30 9:00,2.772727273
1338,2021-08-31 9:00,2.904761905
1339,2021-09-01 9:00,2.454545455
1340,2021-09-02 9:00,3.235294118
1341,2021-09-03 9:00,2.866666667
1342,2021-09-04 9:00,3.3
1343,2021-09-05 9:00,3.407407407
1344,2021-09-06 9:00,2.540540541
1345,2021-09-07 9:00,2.142857143
1346,2021-09-08 9:00,3.058823529
1347,2021-09-09 9:00,2.846153846
1348,2021-09-10 9:00,3
1349,2021-09-11 9:00,2.875
1350,2021-09-12 9:00,3.318181818
1351,2021-09-13 9:00,2.925925926
1352,2021-09-14 9:00,2.761904762
1353,2021-09-15 9:00,2.928571429
1354,2021-09-16 9:00,2.736842105
1355,2021-09-17 9:00,3.5
1356,2021-09-18 9:00,2.6
1357,2021-09-19 9:00,2.741935484
1358,2021-09-20 9:00,2.757575758
1359,2021-09-21 9:00,2.580645161
1360,2021-09-22 9:00,2.619047619
1361,2021-09-23 9:00,2.742857143
1362,2021-09-24 9:00,2.733333333
1363,2021-09-25 9:00,3.235294118
1364,2021-09-26 9:00,3.19047619
1365,2021-09-27 9:00,2.235294118
1366,2021-09-28 9:00,2.318181818
1367,2021-09-29 9:00,2.684210526
1368,2021-09-30 9:00,2.695652174
1369,2021-10-01 9:00,3
1370,2021-10-02 9:00,3.055555556
1371,2021-10-03 9:00,2.590909091
1372,2021-10-04 9:00,2.78125
1373,2021-10-05 9:00,2.96875
1374,2021-10-06 9:00,2.666666667
1375,2021-10-07 9:00,2.863636364
1376,2021-10-08 9:00,2.6
1377,2021-10-09 9:00,1.941176471
1378,2021-10-10 9:00,2.615384615
1379,2021-10-11 9:00,2.8
1380,2021-10-12 9:00,2.636363636
1381,2021-10-13 9:00,3.34375
1382,2021-10-14 9:00,2.428571429
1383,2021-10-15 9:00,2.947368421
1384,2021-10-16 9:00,2.590909091
1385,2021-10-17 9:00,3.428571429
1386,2021-10-18 9:00,2.76744186
1387,2021-10-19 9:00,3.21875
1388,2021-10-20 9:00,2.631578947
1389,2021-10-21 9:00,2.681818182
1390,2021-10-22 9:00,2.375
1391,2021-10-23 9:00,2.722222222
1392,2021-10-24 9:00,3.057142857
1393,2021-10-25 9:00,3.157894737
1394,2021-10-26 9:00,3.035714286
1395,2021-10-27 9:00,3.068965517
1396,2021-10-28 9:00,2.444444444
1397,2021-10-29 9:00,3.5
1398,2021-10-30 9:00,3.5
1399,2021-10-31 9:00,3.2
1400,2021-11-01 9:00,2.954545455
1401,2021-11-02 9:00,2.903225806
1402,2021-11-03 9:00,2.65
1403,2021-11-04 9:00,2.416666667
1404,2021-11-05 9:00,2.1
1405,2021-11-06 9:00,2.933333333
1406,2021-11-07 9:00,3
1407,2021-11-08 9:00,3.72
1408,2021-11-09 9:00,3.103448276
1409,2021-11-10 9:00,2.807692308
1410,2021-11-11 9:00,2.458333333
1411,2021-11-12 9:00,2.928571429
1412,2021-11-13 9:00,2.789473684
1413,2021-11-14 9:00,2.5625
1414,2021-11-15 9:00,2.518518519
1415,2021-11-16 9:00,3.458333333
1416,2021-11-17 9:00,2.733333333
1417,2021-11-18 9:00,3.523809524
1418,2021-11-19 9:00,3
1419,2021-11-20 9:00,3.571428571
1420,2021-11-21 9:00,2.576923077
1421,2021-11-22 9:00,3.357142857
1422,2021-11-23 9:00,2.826086957
1423,2021-11-24 9:00,3.210526316
1424,2021-11-25 9:00,2
1425,2021-11-26 9:00,4.166666667
1426,2021-11-27 9:00,3.066666667
1427,2021-11-28 9:00,2.878787879
1428,2021-11-29 9:00,3.25
1429,2021-11-30 9:00,3.043478261
1430,2021-12-01 9:00,2.782608696
1431,2021-12-02 9:00,1.75
1432,2021-12-03 9:00,2.208333333
1433,2021-12-04 9:00,2.705882353
1434,2021-12-05 9:00,2.761904762
1435,2021-12-06 9:00,3.321428571
1436,2021-12-07 9:00,3.413793103
1437,2021-12-08 9:00,2.916666667
1438,2021-12-09 9:00,2.705882353
1439,2021-12-10 9:00,2.631578947
1440,2021-12-11 9:00,3
1441,2021-12-12 9:00,3.09375
1442,2021-12-13 9:00,3.5
1443,2021-12-14 9:00,3.238095238
1444,2021-12-15 9:00,3.25
1445,2021-12-16 9:00,3.473684211
1446,2021-12-17 9:00,3.333333333
1447,2021-12-18 9:00,3.375
1448,2021-12-19 9:00,2.625
1449,2021-12-20 9:00,2.882352941
1450,2021-12-21 9:00,2.96
1451,2021-12-22 9:00,3.952380952
1452,2021-12-23 9:00,2.866666667
1453,2021-12-24 9:00,2.909090909
1454,2021-12-25 9:00,2.833333333
1455,2021-12-26 9:00,3.2
1456,2021-12-27 9:00,2.379310345
1457,2021-12-28 9:00,2.774193548
1458,2021-12-29 9:00,3.068965517
1459,2021-12-30 9:00,2.545454545
1460,2021-12-31 9:00,2.6
1461,2022-01-01 9:00,2.75
1462,2022-01-02 9:00,3.095238095
1463,2022-01-03 9:00,2.956521739
1464,2022-01-04 9:00,2.318181818
1465,2022-01-05 9:00,2.833333333
1466,2022-01-06 9:00,3.166666667
1467,2022-01-07 9:00,2.714285714
1468,2022-01-08 9:00,3.1
1469,2022-01-09 9:00,2.827586207
1470,2022-01-10 9:00,3.24
1471,2022-01-11 9:00,3.166666667
1472,2022-01-12 9:00,2.583333333
1473,2022-01-13 9:00,2.55
1474,2022-01-14 9:00,3.25
1475,2022-01-15 9:00,3.266666667
1476,2022-01-16 9:00,3.571428571
1477,2022-01-17 9:00,3.166666667
1478,2022-01-18 9:00,2.52173913
1479,2022-01-19 9:00,2.565217391
1480,2022-01-20 9:00,2.96
1481,2022-01-21 9:00,2.5
1482,2022-01-22 9:00,2.090909091
1483,2022-01-23 9:00,2.266666667
1484,2022-01-24 9:00,3.217391304
1485,2022-01-25 9:00,2.083333333
1486,2022-01-26 9:00,2.681818182
1487,2022-01-27 9:00,2.647058824
1488,2022-01-28 9:00,1.785714286
1489,2022-01-29 9:00,3
1490,2022-01-30 9:00,2.826086957
1491,2022-01-31 9:00,3.4
1492,2022-02-01 9:00,3.16
1493,2022-02-02 9:00,2.5
1494,2022-02-03 9:00,3.125
1495,2022-02-04 9:00,3.875
1496,2022-02-05 9:00,3.2
1497,2022-02-06 9:00,3.208333333
1498,2022-02-07 9:00,3.222222222
1499,2022-02-08 9:00,3.222222222
1500,2022-02-09 9:00,3.333333333
1501,2022-02-10 9:00,3.25
1502,2022-02-11 9:00,3.1
1503,2022-02-12 9:00,3.2
1504,2022-02-13 9:00,3.142857143
1505,2022-02-14 9:00,2.761904762
1506,2022-02-15 9:00,3.142857143
1507,2022-02-16 9:00,2.913043478
1508,2022-02-17 9:00,2.913043478
1509,2022-02-18 9:00,2.916666667
1510,2022-02-19 9:00,2.818181818
1511,2022-02-20 9:00,2.565217391
1512,2022-02-21 9:00,2.565217391
1513,2022-02-22 9:00,2.583333333
1514,2022-02-23 9:00,2.739130435
1515,2022-02-24 9:00,3.064516129
1516,2022-02-25 9:00,2.833333333
1517,2022-02-26 9:00,2.555555556
1518,2022-02-27 9:00,2.642857143
1519,2022-02-28 9:00,3.03125
1520,2022-03-01 9:00,2.956521739
1521,2022-03-02 9:00,2.142857143
1522,2022-03-03 9:00,2.8
1523,2022-03-04 9:00,3
1524,2022-03-05 9:00,2.625
1525,2022-03-06 9:00,3.375
1526,2022-03-07 9:00,2.333333333
1527,2022-03-08 9:00,2.55
1528,2022-03-09 9:00,2.055555556
1529,2022-03-10 9:00,2.928571429
1530,2022-03-11 9:00,3.083333333
1531,2022-03-12 9:00,2.75
1532,2022-03-13 9:00,2.8
1533,2022-03-14 9:00,2.866666667
1534,2022-03-15 9:00,2.384615385
1535,2022-03-16 9:00,2.923076923
1536,2022-03-17 9:00,2.4
1537,2022-03-18 9:00,3.181818182
1538,2022-03-19 9:00,3.333333333
1539,2022-03-20 9:00,2.476190476
1540,2022-03-21 9:00,3.157894737
1541,2022-03-22 9:00,2.833333333
1542,2022-03-23 9:00,2.4
1543,2022-03-24 9:00,2.791666667
1544,2022-03-25 9:00,2.75
1545,2022-03-26 9:00,2.75
1546,2022-03-27 9:00,3.176470588
1547,2022-03-28 9:00,3.37037037
1548,2022-03-29 9:00,2.866666667
1549,2022-03-30 9:00,2.888888889
1550,2022-03-31 9:00,2.8125
1551,2022-04-01 9:00,3.529411765
1552,2022-04-02 9:00,3
1553,2022-04-03 9:00,3.416666667
1554,2022-04-04 9:00,3.75
1555,2022-04-05 9:00,3.04
1556,2022-04-06 9:00,3.263157895
1557,2022-04-07 9:00,3.208333333
1558,2022-04-08 9:00,3.4375
1559,2022-04-09 9:00,2.769230769
1560,2022-04-10 9:00,3.071428571
1561,2022-04-11 9:00,2.7
1562,2022-04-12 9:00,2.736842105
1563,2022-04-13 9:00,2.666666667
1564,2022-04-14 9:00,3.571428571
1565,2022-04-15 9:00,3.5
1566,2022-04-16 9:00,2.375
1567,2022-04-17 9:00,2.761904762
1568,2022-04-18 9:00,2.818181818
1569,2022-04-19 9:00,3
1570,2022-04-20 9:00,3.705882353
1571,2022-04-21 9:00,2.5
1572,2022-04-22 9:00,3.571428571
1573,2022-04-23 9:00,3.125
1574,2022-04-24 9:00,3.607142857
1575,2022-04-25 9:00,3
1576,2022-04-26 9:00,2.416666667
1577,2022-04-27 9:00,3.4
1578,2022-04-28 9:00,2.954545455
1579,2022-04-29 9:00,2.818181818
1580,2022-04-30 9:00,2.583333333
